CREATE DATABASE  IF NOT EXISTS `sleeping_patterns` /*!40100 DEFAULT CHARACTER SET utf8mb4 COLLATE utf8mb4_0900_ai_ci */ /*!80016 DEFAULT ENCRYPTION='N' */;
USE `sleeping_patterns`;
-- MySQL dump 10.13  Distrib 8.0.38, for Win64 (x86_64)
--
-- Host: localhost    Database: sleeping_patterns
-- ------------------------------------------------------
-- Server version	9.0.0

/*!40101 SET @OLD_CHARACTER_SET_CLIENT=@@CHARACTER_SET_CLIENT */;
/*!40101 SET @OLD_CHARACTER_SET_RESULTS=@@CHARACTER_SET_RESULTS */;
/*!40101 SET @OLD_COLLATION_CONNECTION=@@COLLATION_CONNECTION */;
/*!50503 SET NAMES utf8 */;
/*!40103 SET @OLD_TIME_ZONE=@@TIME_ZONE */;
/*!40103 SET TIME_ZONE='+00:00' */;
/*!40014 SET @OLD_UNIQUE_CHECKS=@@UNIQUE_CHECKS, UNIQUE_CHECKS=0 */;
/*!40014 SET @OLD_FOREIGN_KEY_CHECKS=@@FOREIGN_KEY_CHECKS, FOREIGN_KEY_CHECKS=0 */;
/*!40101 SET @OLD_SQL_MODE=@@SQL_MODE, SQL_MODE='NO_AUTO_VALUE_ON_ZERO' */;
/*!40111 SET @OLD_SQL_NOTES=@@SQL_NOTES, SQL_NOTES=0 */;

--
-- Temporary view structure for view `averagesleepduration`
--

DROP TABLE IF EXISTS `averagesleepduration`;
/*!50001 DROP VIEW IF EXISTS `averagesleepduration`*/;
SET @saved_cs_client     = @@character_set_client;
/*!50503 SET character_set_client = utf8mb4 */;
/*!50001 CREATE VIEW `averagesleepduration` AS SELECT 
 1 AS `avg_sleep_duration`*/;
SET character_set_client = @saved_cs_client;

--
-- Temporary view structure for view `avglifestylestats`
--

DROP TABLE IF EXISTS `avglifestylestats`;
/*!50001 DROP VIEW IF EXISTS `avglifestylestats`*/;
SET @saved_cs_client     = @@character_set_client;
/*!50503 SET character_set_client = utf8mb4 */;
/*!50001 CREATE VIEW `avglifestylestats` AS SELECT 
 1 AS `avg_study_hours`,
 1 AS `avg_screen_time`,
 1 AS `avg_caffeine_intake`,
 1 AS `avg_physical_activity`*/;
SET character_set_client = @saved_cs_client;

--
-- Temporary view structure for view `balancedhabitsranking`
--

DROP TABLE IF EXISTS `balancedhabitsranking`;
/*!50001 DROP VIEW IF EXISTS `balancedhabitsranking`*/;
SET @saved_cs_client     = @@character_set_client;
/*!50503 SET character_set_client = utf8mb4 */;
/*!50001 CREATE VIEW `balancedhabitsranking` AS SELECT 
 1 AS `Student_ID`,
 1 AS `study_deviation`,
 1 AS `Screen_Time`,
 1 AS `Caffeine_Intake`,
 1 AS `Physical_Activity`,
 1 AS `balance_score`*/;
SET character_set_client = @saved_cs_client;

--
-- Temporary view structure for view `extremehabits`
--

DROP TABLE IF EXISTS `extremehabits`;
/*!50001 DROP VIEW IF EXISTS `extremehabits`*/;
SET @saved_cs_client     = @@character_set_client;
/*!50503 SET character_set_client = utf8mb4 */;
/*!50001 CREATE VIEW `extremehabits` AS SELECT 
 1 AS `Student_ID`,
 1 AS `extreme_habit`*/;
SET character_set_client = @saved_cs_client;

--
-- Table structure for table `lifestyle`
--

DROP TABLE IF EXISTS `lifestyle`;
/*!40101 SET @saved_cs_client     = @@character_set_client */;
/*!50503 SET character_set_client = utf8mb4 */;
CREATE TABLE `lifestyle` (
  `Lifestyle_ID` int NOT NULL AUTO_INCREMENT,
  `Student_ID` int DEFAULT NULL,
  `Study_Hours` float DEFAULT NULL,
  `Screen_Time` float DEFAULT NULL,
  `Caffeine_Intake` float DEFAULT NULL,
  `Physical_Activity` float DEFAULT NULL,
  PRIMARY KEY (`Lifestyle_ID`),
  KEY `Student_ID` (`Student_ID`),
  CONSTRAINT `lifestyle_ibfk_1` FOREIGN KEY (`Student_ID`) REFERENCES `students` (`Student_ID`)
) ENGINE=InnoDB AUTO_INCREMENT=501 DEFAULT CHARSET=utf8mb4 COLLATE=utf8mb4_0900_ai_ci;
/*!40101 SET character_set_client = @saved_cs_client */;

--
-- Dumping data for table `lifestyle`
--

LOCK TABLES `lifestyle` WRITE;
/*!40000 ALTER TABLE `lifestyle` DISABLE KEYS */;
INSERT INTO `lifestyle` VALUES (1,1,7.9,3.4,2,37),(2,2,6,1.9,5,74),(3,3,6.7,3.9,5,53),(4,4,8.6,2.8,4,55),(5,5,2.7,2.7,0,85),(6,6,12,3.2,3,96),(7,7,11.7,3.4,1,99),(8,8,7.8,3,1,108),(9,9,2.4,1.4,1,86),(10,10,8.2,2,3,44),(11,11,0.9,3.8,5,108),(12,12,0.4,1.7,0,33),(13,13,3.1,2.1,3,8),(14,14,5.6,2.3,1,87),(15,15,10.4,2.3,4,7),(16,16,8.7,2.8,2,6),(17,17,8.9,3.8,3,35),(18,18,5.1,1.7,3,17),(19,19,4.2,1.4,0,2),(20,20,4.5,1.6,0,27),(21,21,11.9,3.7,3,69),(22,22,0.5,2.9,1,107),(23,23,10.4,1.9,2,43),(24,24,6.9,3.4,0,20),(25,25,5.3,3.6,1,27),(26,26,8.7,3.5,4,103),(27,27,5.8,3.8,0,53),(28,28,10.5,1.8,1,53),(29,29,10.8,3.3,1,64),(30,30,5.1,2.4,2,99),(31,31,3.3,3.5,2,20),(32,32,7.1,3.2,4,106),(33,33,10.9,3.3,1,98),(34,34,2.5,3,5,12),(35,35,7.5,1.5,1,56),(36,36,7.6,2.6,2,48),(37,37,8.8,4,5,117),(38,38,1.6,3.8,0,53),(39,39,8.6,1.1,0,9),(40,40,10.9,1.5,3,52),(41,41,2.2,1.4,2,43),(42,42,2.9,3.2,3,46),(43,43,11.7,3.5,5,52),(44,44,2.2,1.6,2,73),(45,45,10.3,2.5,4,45),(46,46,5.9,3.5,1,12),(47,47,3,3.2,4,36),(48,48,10.4,2.6,5,101),(49,49,5.3,2.8,2,23),(50,50,6.2,2.5,5,1),(51,51,4.3,1.9,1,85),(52,52,7.1,2.7,0,80),(53,53,2,3.1,0,99),(54,54,4.7,3.6,5,13),(55,55,11.6,2.9,3,9),(56,56,3.1,3.3,2,34),(57,57,7.9,1.5,2,24),(58,58,3.9,2.4,0,2),(59,59,9.3,1,4,110),(60,60,1.6,1.7,1,101),(61,61,11.6,3.2,4,16),(62,62,5.4,4,4,11),(63,63,2.8,1.3,5,53),(64,64,0.9,2.2,0,115),(65,65,2,3.4,0,23),(66,66,6.2,1.6,0,28),(67,67,4,2.7,5,42),(68,68,9.9,3.2,3,24),(69,69,5.2,2.8,4,99),(70,70,3,1.6,5,59),(71,71,7.4,2.1,2,89),(72,72,8.5,3.4,1,101),(73,73,2,2.7,3,64),(74,74,2,1,2,83),(75,75,0.4,3.3,4,118),(76,76,8.8,1.1,0,27),(77,77,8,3.2,4,15),(78,78,5.7,1.6,5,46),(79,79,10.1,3.9,1,80),(80,80,9.7,2.1,5,103),(81,81,7,2,3,91),(82,82,10.4,1.4,3,57),(83,83,2.5,1.9,1,75),(84,84,1.3,3.6,2,26),(85,85,3.2,4,2,117),(86,86,0.7,2.1,3,52),(87,87,6.4,2.3,3,41),(88,88,11.2,3.2,0,58),(89,89,0.5,3.7,2,46),(90,90,1.5,2.8,1,93),(91,91,5.4,2.2,2,104),(92,92,11.2,2.2,0,33),(93,93,3.8,3.1,5,36),(94,94,6.1,1,3,5),(95,95,0.5,2.9,3,6),(96,96,1.8,2.1,0,95),(97,97,11.8,3.4,1,95),(98,98,11.6,1.3,3,116),(99,99,0.1,2.8,4,24),(100,100,11.4,2.4,3,32),(101,101,7.7,2.9,4,54),(102,102,10.4,1.2,0,57),(103,103,5.5,2.7,0,6),(104,104,6.2,2.7,3,115),(105,105,5.9,2.7,2,56),(106,106,8,2.8,4,11),(107,107,1.7,3,1,15),(108,108,0.4,3.4,3,79),(109,109,3.7,1.8,1,42),(110,110,8.5,3.5,3,116),(111,111,2.4,2.5,2,99),(112,112,8.1,1.2,2,76),(113,113,11.6,1.2,2,6),(114,114,1.1,2,5,99),(115,115,8.1,3.4,2,110),(116,116,5.3,3.1,0,50),(117,117,10.4,3.4,0,72),(118,118,2.1,2.6,5,31),(119,119,8.3,2.3,4,74),(120,120,10.1,1.4,1,7),(121,121,11.3,2,3,96),(122,122,8.2,2.3,3,86),(123,123,6,1.3,5,88),(124,124,7.4,1.7,0,119),(125,125,10.4,2.8,3,71),(126,126,6.8,3.2,0,44),(127,127,0.4,4,4,85),(128,128,11.2,3.8,1,58),(129,129,8.3,2.9,4,3),(130,130,8.1,2.3,5,103),(131,131,2.6,2.9,2,66),(132,132,7.9,3.4,2,28),(133,133,4.7,1.4,2,104),(134,134,7.8,2.2,4,28),(135,135,1.3,3.5,3,97),(136,136,7.9,2.2,1,97),(137,137,12,2.7,2,27),(138,138,0.6,2.8,5,76),(139,139,11.7,1.6,5,78),(140,140,4.9,2.1,2,86),(141,141,10.4,2,2,43),(142,142,9.4,1.1,1,89),(143,143,6.8,1.1,2,3),(144,144,8.9,3.5,1,89),(145,145,10.5,1.8,5,103),(146,146,4.8,2.6,2,8),(147,147,3.9,1.9,4,118),(148,148,8,3.8,4,4),(149,149,9.7,1.8,5,55),(150,150,9.1,2.3,1,95),(151,151,9.6,3.6,4,83),(152,152,5.2,3.5,1,49),(153,153,9.8,1.6,4,74),(154,154,1.4,3.4,4,14),(155,155,6.5,2.4,1,31),(156,156,0.1,2.4,3,27),(157,157,3.9,1.4,4,21),(158,158,4.4,1.2,2,104),(159,159,4.8,3.2,5,16),(160,160,8.3,2.5,3,58),(161,161,4.7,2.3,1,89),(162,162,5.4,3.2,3,107),(163,163,2.9,3.3,0,70),(164,164,4.5,1.5,0,105),(165,165,2.7,2.8,4,56),(166,166,0.9,1.4,4,25),(167,167,7.2,3.3,2,24),(168,168,8,3,5,9),(169,169,7.4,3.9,3,44),(170,170,5.6,1.2,0,82),(171,171,4.6,1.2,4,10),(172,172,10.4,1.8,5,76),(173,173,6.2,1.8,3,52),(174,174,5.8,1.7,4,71),(175,175,0.3,3.7,4,103),(176,176,4.1,1.7,0,67),(177,177,4.6,1.8,0,110),(178,178,4.8,3.3,4,94),(179,179,7,2.3,1,27),(180,180,6.4,3.3,4,74),(181,181,7.3,1.2,5,106),(182,182,9.2,2.5,4,64),(183,183,9.8,1.1,2,48),(184,184,8.6,1.2,2,46),(185,185,11.5,3.7,2,51),(186,186,0.2,1.4,1,101),(187,187,2.3,2.6,1,87),(188,188,0.1,2.2,4,53),(189,189,7.8,2,2,59),(190,190,10.8,3.7,1,56),(191,191,2.9,1.1,0,46),(192,192,11.1,3,4,30),(193,193,0.7,3.9,5,104),(194,194,11.2,2.7,3,45),(195,195,4.2,3.8,4,113),(196,196,1.2,1.2,3,25),(197,197,5.8,2.3,2,112),(198,198,3.1,1.8,3,113),(199,199,3.4,3.2,2,4),(200,200,3.7,3.9,0,83),(201,201,9.6,1.8,3,51),(202,202,6.5,3,4,104),(203,203,3.7,1.6,2,74),(204,204,7.3,2.7,4,119),(205,205,8.6,2.4,1,53),(206,206,3.3,3.9,2,32),(207,207,5,2.8,3,49),(208,208,1.5,2,2,37),(209,209,2.2,1.3,4,26),(210,210,8.2,1.5,0,97),(211,211,2.2,1.7,2,14),(212,212,6.3,1.8,3,95),(213,213,8.5,3.6,1,60),(214,214,1.3,2.7,5,20),(215,215,6.8,2.6,0,45),(216,216,3.1,1.3,1,68),(217,217,11.6,3.6,2,5),(218,218,5.8,3.2,4,37),(219,219,9.7,1.2,4,61),(220,220,6.6,3.1,3,85),(221,221,0.5,2.6,4,61),(222,222,7.6,1.2,0,81),(223,223,11.4,2.4,4,77),(224,224,7.2,2.5,3,73),(225,225,9.8,1.5,5,45),(226,226,10.6,3.8,2,12),(227,227,2.7,3.5,2,94),(228,228,2.5,3,4,93),(229,229,7.3,2.4,1,2),(230,230,4.9,2.2,2,93),(231,231,10.1,3,5,5),(232,232,10.8,2.6,4,92),(233,233,4.2,1.2,3,7),(234,234,2.8,2.5,5,43),(235,235,9.4,3.4,4,108),(236,236,3.3,2.4,5,106),(237,237,9.9,1.2,2,107),(238,238,5.1,3.4,3,32),(239,239,8,1.6,4,80),(240,240,1.1,1.8,0,111),(241,241,7.5,1.5,3,74),(242,242,5.4,2,0,76),(243,243,7,3.3,5,49),(244,244,2,2.6,1,10),(245,245,8.8,1.6,3,94),(246,246,10.4,3.6,5,27),(247,247,2.6,3.6,0,107),(248,248,1.1,3.6,2,69),(249,249,0.3,1.7,2,40),(250,250,7.7,2.4,1,15),(251,251,7.3,4,3,67),(252,252,6.6,3.3,3,98),(253,253,2.8,1.1,3,47),(254,254,4.7,1.2,5,55),(255,255,7.1,2.4,1,63),(256,256,6,3.7,3,58),(257,257,11.9,2.6,5,89),(258,258,1.6,2.5,2,61),(259,259,8.3,1.3,0,120),(260,260,4.9,3,5,75),(261,261,5.1,3.5,2,10),(262,262,8.6,2.1,2,100),(263,263,8.3,3.3,0,88),(264,264,11.9,3.9,2,17),(265,265,1.5,1.6,1,18),(266,266,1.2,2.6,0,86),(267,267,8.7,1.9,2,54),(268,268,6.9,3.4,4,101),(269,269,3.3,2.7,5,117),(270,270,1,2.9,2,81),(271,271,1,3.4,1,25),(272,272,10.7,2.2,3,5),(273,273,2.3,3.7,2,3),(274,274,3.9,2.6,3,107),(275,275,2.7,1.5,4,114),(276,276,4.3,3.1,2,28),(277,277,0.8,3.4,0,58),(278,278,6.2,2,3,97),(279,279,0.8,3.6,4,16),(280,280,9.6,3.7,0,106),(281,281,2.8,1.8,0,42),(282,282,6.5,4,0,116),(283,283,10.6,1.4,0,79),(284,284,7.8,1.6,2,65),(285,285,6.4,1.6,5,33),(286,286,3.9,3.7,2,118),(287,287,4,3,2,7),(288,288,8,1.5,4,12),(289,289,11.9,2.3,4,105),(290,290,7.9,2.8,5,7),(291,291,6.7,1.3,4,93),(292,292,8.8,3.6,1,95),(293,293,5.6,3.4,5,99),(294,294,0.7,2.5,4,110),(295,295,6.7,3.9,5,93),(296,296,11.5,2.3,2,64),(297,297,2.1,4,2,42),(298,298,8.3,3,5,38),(299,299,2.4,2.9,1,80),(300,300,6.4,1.5,1,58),(301,301,1.2,3.6,5,83),(302,302,5.4,2.3,4,87),(303,303,9.1,1.5,3,113),(304,304,4.2,1,1,85),(305,305,8,2.7,0,92),(306,306,9.5,2.6,2,85),(307,307,11.1,3.2,5,43),(308,308,2.8,3.7,0,8),(309,309,4.8,1.2,5,36),(310,310,1.8,3.2,2,73),(311,311,11.9,1.6,2,35),(312,312,11.1,3.6,1,100),(313,313,6.5,3.5,1,91),(314,314,10.1,2.6,0,27),(315,315,6.3,3.1,5,41),(316,316,7.5,1.9,2,42),(317,317,1.1,2.4,0,84),(318,318,9.1,3.5,3,87),(319,319,1.5,2.4,0,41),(320,320,9.9,2.1,4,103),(321,321,9.4,2.5,0,65),(322,322,8.5,3.5,4,54),(323,323,0.4,2,4,71),(324,324,3.6,1.5,4,47),(325,325,3.2,3.1,3,90),(326,326,4.3,3.5,0,21),(327,327,1.1,1.3,0,100),(328,328,11.2,1.7,3,26),(329,329,6.6,1.4,2,120),(330,330,3.7,2,1,92),(331,331,4.8,2.4,0,66),(332,332,5.4,3.2,1,107),(333,333,7.2,3,5,12),(334,334,6.2,2.9,5,44),(335,335,11,2.1,3,9),(336,336,6,3.5,5,99),(337,337,11.9,2.4,5,8),(338,338,10.2,3.9,2,53),(339,339,2.5,2.9,2,119),(340,340,11.2,1.4,2,118),(341,341,1.4,3,5,26),(342,342,9.8,2,3,33),(343,343,4.6,3.1,4,114),(344,344,10.5,1.2,4,0),(345,345,10.4,1.5,1,31),(346,346,9.7,3.6,4,88),(347,347,9.5,1.7,4,92),(348,348,3.7,3.5,2,70),(349,349,1,1.8,2,112),(350,350,4.8,2.9,5,66),(351,351,2.1,3.1,1,83),(352,352,8.3,2.5,0,19),(353,353,4.2,1.9,1,116),(354,354,11.7,1.6,1,93),(355,355,7.7,1.1,3,34),(356,356,9.9,1.9,5,98),(357,357,1.6,3,3,112),(358,358,10.3,3.8,1,102),(359,359,11.1,3.6,1,90),(360,360,5.8,3.3,1,89),(361,361,7.3,3.4,4,77),(362,362,9.2,3,3,16),(363,363,2.1,1.8,1,17),(364,364,6,3.7,2,44),(365,365,4.8,3,5,115),(366,366,1.8,2.7,5,92),(367,367,4.4,1.3,2,83),(368,368,0.8,2.3,5,52),(369,369,0.3,2.4,4,90),(370,370,1.6,3.6,4,81),(371,371,11.6,2.6,0,67),(372,372,6.6,2.1,0,64),(373,373,11.6,3.9,0,113),(374,374,5.2,1.3,5,0),(375,375,3.7,2.3,4,57),(376,376,6.1,1.1,4,25),(377,377,5.3,3.2,4,108),(378,378,1.3,3.8,2,19),(379,379,7.7,1.8,4,115),(380,380,2.6,3.6,2,86),(381,381,7.4,1.9,0,9),(382,382,7.8,3.7,0,58),(383,383,1.8,3.3,5,74),(384,384,0.7,3.4,0,40),(385,385,9.4,1.1,5,104),(386,386,5.5,3.9,1,4),(387,387,0.7,3.2,1,64),(388,388,11.9,1.9,3,16),(389,389,0.7,3.5,5,21),(390,390,8.3,1.8,3,97),(391,391,11.8,3.6,3,119),(392,392,2.9,1.3,1,108),(393,393,1.7,3.1,5,40),(394,394,1.5,2.6,1,92),(395,395,3.6,1.3,3,67),(396,396,1.2,1.7,5,68),(397,397,8.3,1,3,10),(398,398,0.7,2.4,4,55),(399,399,6.1,1.9,5,50),(400,400,12,2.8,5,20),(401,401,9.8,1.9,3,98),(402,402,7.4,1.9,4,75),(403,403,3.7,3.2,2,25),(404,404,7.5,1.1,1,114),(405,405,6.3,3.7,3,18),(406,406,5.1,3.6,5,108),(407,407,1.6,3,1,59),(408,408,10.6,2.8,1,70),(409,409,5.4,3.7,1,46),(410,410,2.3,1.6,2,118),(411,411,4.4,1.2,0,70),(412,412,5,1.7,3,25),(413,413,9.9,3.4,0,39),(414,414,8.8,1.1,0,4),(415,415,9.2,2.7,0,20),(416,416,0.1,4,1,77),(417,417,5,3.6,4,3),(418,418,5.8,2.6,1,22),(419,419,0.2,1.2,1,105),(420,420,3.1,3.5,5,83),(421,421,9.1,2.8,5,14),(422,422,1.6,1.3,0,113),(423,423,6.4,1.3,1,115),(424,424,2.6,3.7,0,108),(425,425,0.1,3,5,92),(426,426,2.9,3.5,4,7),(427,427,11.7,3.6,3,40),(428,428,9.6,2.7,0,111),(429,429,11.5,2.6,4,18),(430,430,5.9,2.3,3,111),(431,431,1.3,2,2,102),(432,432,6.6,2.3,0,45),(433,433,5.5,3.3,0,27),(434,434,10.1,2.8,2,109),(435,435,1.2,3.7,2,120),(436,436,5.9,2.3,0,90),(437,437,1.8,2.8,2,67),(438,438,3.9,2.9,1,14),(439,439,8.8,2.8,3,98),(440,440,5.7,3.1,3,36),(441,441,4.5,1.7,3,0),(442,442,4.7,2.5,1,66),(443,443,5.5,1.3,2,110),(444,444,9.4,2.2,4,23),(445,445,10.7,2.5,2,26),(446,446,11.5,3,0,39),(447,447,9.4,3.9,5,62),(448,448,3.8,2.8,3,60),(449,449,8.3,3.2,2,35),(450,450,5.3,2.5,4,97),(451,451,3.1,2.9,0,92),(452,452,10.1,1.2,1,23),(453,453,0.5,1.8,1,23),(454,454,10.8,2.1,4,105),(455,455,5.5,2.4,0,3),(456,456,7.6,1.1,3,66),(457,457,7.9,1.4,2,33),(458,458,10.7,1.8,0,56),(459,459,7.6,3.9,1,48),(460,460,7.4,2,4,86),(461,461,0.8,2.4,4,52),(462,462,6.2,1.6,2,119),(463,463,1.8,2.8,4,115),(464,464,8.8,1.8,4,22),(465,465,6.1,1.6,0,108),(466,466,8.2,2.5,3,68),(467,467,0.5,1,2,94),(468,468,1,1,0,52),(469,469,8.6,1.7,3,61),(470,470,0.9,1.1,0,40),(471,471,0.9,1.3,5,56),(472,472,0.1,2,0,120),(473,473,11.5,3.4,4,59),(474,474,8.9,2.7,3,53),(475,475,4.2,2.5,2,69),(476,476,3.6,1.9,2,100),(477,477,4.2,3.8,3,56),(478,478,9.3,2.2,4,9),(479,479,7.9,1.3,1,39),(480,480,2.2,2.9,0,6),(481,481,2.1,1.3,4,102),(482,482,1.2,2,5,37),(483,483,7.9,2.5,3,84),(484,484,9.2,3.6,0,60),(485,485,3.2,2.5,2,83),(486,486,0.3,3.1,1,2),(487,487,1,4,5,50),(488,488,11.6,1.4,2,85),(489,489,3.5,1.8,3,46),(490,490,9.2,2.2,0,67),(491,491,7.5,2.3,3,91),(492,492,4.6,2.2,0,75),(493,493,2.5,3.7,4,37),(494,494,1.5,3.1,1,114),(495,495,7.4,2.8,4,35),(496,496,9.3,1.9,4,110),(497,497,7.7,3.5,3,40),(498,498,6.4,3.9,1,68),(499,499,0.5,3.5,0,12),(500,500,11.6,1,0,86);
/*!40000 ALTER TABLE `lifestyle` ENABLE KEYS */;
UNLOCK TABLES;

--
-- Temporary view structure for view `minmaxsleepduration`
--

DROP TABLE IF EXISTS `minmaxsleepduration`;
/*!50001 DROP VIEW IF EXISTS `minmaxsleepduration`*/;
SET @saved_cs_client     = @@character_set_client;
/*!50503 SET character_set_client = utf8mb4 */;
/*!50001 CREATE VIEW `minmaxsleepduration` AS SELECT 
 1 AS `min_sleep_duration`,
 1 AS `max_sleep_duration`*/;
SET character_set_client = @saved_cs_client;

--
-- Temporary view structure for view `minmaxsleepdurationwithstudents`
--

DROP TABLE IF EXISTS `minmaxsleepdurationwithstudents`;
/*!50001 DROP VIEW IF EXISTS `minmaxsleepdurationwithstudents`*/;
SET @saved_cs_client     = @@character_set_client;
/*!50503 SET character_set_client = utf8mb4 */;
/*!50001 CREATE VIEW `minmaxsleepdurationwithstudents` AS SELECT 
 1 AS `min_sleep_student`,
 1 AS `min_sleep_duration`*/;
SET character_set_client = @saved_cs_client;

--
-- Temporary view structure for view `physicalactivityvscaffeine`
--

DROP TABLE IF EXISTS `physicalactivityvscaffeine`;
/*!50001 DROP VIEW IF EXISTS `physicalactivityvscaffeine`*/;
SET @saved_cs_client     = @@character_set_client;
/*!50503 SET character_set_client = utf8mb4 */;
/*!50001 CREATE VIEW `physicalactivityvscaffeine` AS SELECT 
 1 AS `activity_level`,
 1 AS `avg_caffeine_intake`,
 1 AS `student_count`*/;
SET character_set_client = @saved_cs_client;

--
-- Temporary view structure for view `recommendedsleepcompliance`
--

DROP TABLE IF EXISTS `recommendedsleepcompliance`;
/*!50001 DROP VIEW IF EXISTS `recommendedsleepcompliance`*/;
SET @saved_cs_client     = @@character_set_client;
/*!50503 SET character_set_client = utf8mb4 */;
/*!50001 CREATE VIEW `recommendedsleepcompliance` AS SELECT 
 1 AS `percentage_compliant`*/;
SET character_set_client = @saved_cs_client;

--
-- Table structure for table `sleep_patterns`
--

DROP TABLE IF EXISTS `sleep_patterns`;
/*!40101 SET @saved_cs_client     = @@character_set_client */;
/*!50503 SET character_set_client = utf8mb4 */;
CREATE TABLE `sleep_patterns` (
  `Pattern_ID` int NOT NULL AUTO_INCREMENT,
  `Student_ID` int DEFAULT NULL,
  `Sleep_Duration` float DEFAULT NULL,
  `Sleep_Quality` int DEFAULT NULL,
  `Weekday_Sleep_Start` time DEFAULT NULL,
  `Weekday_Sleep_End` time DEFAULT NULL,
  `Weekend_Sleep_Start` time DEFAULT NULL,
  `Weekend_Sleep_End` time DEFAULT NULL,
  PRIMARY KEY (`Pattern_ID`),
  KEY `Student_ID` (`Student_ID`),
  CONSTRAINT `sleep_patterns_ibfk_1` FOREIGN KEY (`Student_ID`) REFERENCES `students` (`Student_ID`)
) ENGINE=InnoDB AUTO_INCREMENT=501 DEFAULT CHARSET=utf8mb4 COLLATE=utf8mb4_0900_ai_ci;
/*!40101 SET character_set_client = @saved_cs_client */;

--
-- Dumping data for table `sleep_patterns`
--

LOCK TABLES `sleep_patterns` WRITE;
/*!40000 ALTER TABLE `sleep_patterns` DISABLE KEYS */;
INSERT INTO `sleep_patterns` VALUES (1,1,7.7,10,'00:00:14','00:00:07','00:00:04','00:00:07'),(2,2,6.3,2,'00:00:09','00:00:08','00:00:07','00:00:10'),(3,3,5.1,5,'00:00:20','00:00:07','00:00:20','00:00:11'),(4,4,6.3,9,'00:00:20','00:00:07','00:00:04','00:00:09'),(5,5,4.7,3,'00:00:21','00:00:09','00:00:06','00:00:09'),(6,6,4.9,9,'00:00:10','00:00:05','00:00:19','00:00:11'),(7,7,6.5,6,'00:00:13','00:00:09','00:00:21','00:00:11'),(8,8,6.1,4,'00:00:10','00:00:06','00:00:11','00:00:10'),(9,9,8.6,7,'00:00:11','00:00:08','00:00:19','00:00:09'),(10,10,5.8,8,'00:00:15','00:00:07','00:00:05','00:00:09'),(11,11,6.9,6,'00:00:08','00:00:06','00:00:15','00:00:10'),(12,12,7.2,5,'00:00:06','00:00:09','00:00:04','00:00:08'),(13,13,4.1,6,'00:00:22','00:00:05','00:00:11','00:00:09'),(14,14,7.3,5,'00:00:18','00:00:06','00:00:18','00:00:10'),(15,15,4.9,8,'00:00:07','00:00:07','00:00:19','00:00:10'),(16,16,8.8,1,'00:00:14','00:00:06','00:00:10','00:00:09'),(17,17,4.7,7,'00:00:08','00:00:07','00:00:07','00:00:10'),(18,18,6.1,10,'00:00:15','00:00:05','00:00:06','00:00:07'),(19,19,4.4,10,'00:00:14','00:00:05','00:00:16','00:00:09'),(20,20,9,2,'00:00:19','00:00:06','00:00:18','00:00:10'),(21,21,6.5,9,'00:00:17','00:00:06','00:00:22','00:00:08'),(22,22,7,1,'00:00:09','00:00:07','00:00:08','00:00:08'),(23,23,4.3,10,'00:00:13','00:00:08','00:00:20','00:00:11'),(24,24,7.7,6,'00:00:06','00:00:09','00:00:14','00:00:08'),(25,25,5,9,'00:00:04','00:00:08','00:00:10','00:00:08'),(26,26,8.5,1,'00:00:11','00:00:06','00:00:03','00:00:11'),(27,27,5,4,'00:00:06','00:00:07','00:00:16','00:00:10'),(28,28,5,4,'00:00:16','00:00:06','00:00:17','00:00:10'),(29,29,4.2,9,'00:00:13','00:00:06','00:00:09','00:00:10'),(30,30,6.4,5,'00:00:07','00:00:07','00:00:10','00:00:07'),(31,31,6.8,5,'00:00:14','00:00:05','00:00:15','00:00:10'),(32,32,4.3,6,'00:00:10','00:00:06','00:00:03','00:00:09'),(33,33,7.9,1,'00:00:18','00:00:09','00:00:05','00:00:10'),(34,34,6.3,1,'00:00:09','00:00:07','00:00:18','00:00:09'),(35,35,6.6,9,'00:00:04','00:00:07','00:00:17','00:00:09'),(36,36,6.2,3,'00:00:04','00:00:05','00:00:12','00:00:09'),(37,37,6,4,'00:00:07','00:00:06','00:00:07','00:00:09'),(38,38,6.8,1,'00:00:06','00:00:08','00:00:21','00:00:10'),(39,39,4.8,9,'00:00:10','00:00:06','00:00:08','00:00:10'),(40,40,4.9,8,'00:00:10','00:00:07','00:00:09','00:00:10'),(41,41,8.3,2,'00:00:19','00:00:05','00:00:17','00:00:09'),(42,42,8.7,8,'00:00:13','00:00:07','00:00:08','00:00:09'),(43,43,5.9,7,'00:00:13','00:00:05','00:00:03','00:00:10'),(44,44,5.4,6,'00:00:02','00:00:08','00:00:21','00:00:10'),(45,45,7.2,1,'00:00:13','00:00:08','00:00:16','00:00:10'),(46,46,6,7,'00:00:10','00:00:08','00:00:13','00:00:11'),(47,47,4.1,10,'00:00:11','00:00:06','00:00:04','00:00:10'),(48,48,4.8,7,'00:00:09','00:00:08','00:00:03','00:00:09'),(49,49,7.6,9,'00:00:06','00:00:07','00:00:13','00:00:10'),(50,50,7.3,1,'00:00:17','00:00:07','00:00:07','00:00:11'),(51,51,4.1,2,'00:00:11','00:00:08','00:00:11','00:00:09'),(52,52,5.1,9,'00:00:05','00:00:05','00:00:11','00:00:10'),(53,53,5.2,9,'00:00:12','00:00:06','00:00:16','00:00:10'),(54,54,7.4,6,'00:00:16','00:00:08','00:00:18','00:00:09'),(55,55,4.1,6,'00:00:08','00:00:06','00:00:16','00:00:08'),(56,56,4.5,4,'00:00:05','00:00:07','00:00:11','00:00:09'),(57,57,8,4,'00:00:21','00:00:07','00:00:21','00:00:11'),(58,58,4.9,5,'00:00:06','00:00:08','00:00:04','00:00:10'),(59,59,7.3,3,'00:00:05','00:00:09','00:00:19','00:00:09'),(60,60,5.2,1,'00:00:12','00:00:09','00:00:18','00:00:11'),(61,61,4.5,1,'00:00:01','00:00:06','00:00:12','00:00:09'),(62,62,5.2,7,'00:00:05','00:00:06','00:00:08','00:00:09'),(63,63,7.6,1,'00:00:06','00:00:07','00:00:20','00:00:10'),(64,64,8.3,1,'00:00:06','00:00:05','00:00:16','00:00:10'),(65,65,8.2,3,'00:00:19','00:00:05','00:00:03','00:00:08'),(66,66,6,10,'00:00:17','00:00:07','00:00:17','00:00:09'),(67,67,7.3,4,'00:00:12','00:00:07','00:00:16','00:00:09'),(68,68,5,4,'00:00:16','00:00:09','00:00:05','00:00:09'),(69,69,5.5,2,'00:00:13','00:00:06','00:00:21','00:00:09'),(70,70,8.5,1,'00:00:03','00:00:06','00:00:13','00:00:09'),(71,71,4.1,3,'00:00:05','00:00:05','00:00:14','00:00:08'),(72,72,4.4,4,'00:00:09','00:00:09','00:00:16','00:00:09'),(73,73,5,3,'00:00:04','00:00:08','00:00:16','00:00:07'),(74,74,4.1,8,'00:00:06','00:00:08','00:00:20','00:00:09'),(75,75,4.9,10,'00:00:13','00:00:09','00:00:16','00:00:10'),(76,76,6.9,1,'00:00:18','00:00:07','00:00:21','00:00:10'),(77,77,6.1,2,'00:00:11','00:00:07','00:00:06','00:00:08'),(78,78,8.5,7,'00:00:07','00:00:06','00:00:14','00:00:07'),(79,79,8.1,4,'00:00:13','00:00:07','00:00:13','00:00:08'),(80,80,5.7,8,'00:00:08','00:00:07','00:00:04','00:00:09'),(81,81,5.3,3,'00:00:20','00:00:07','00:00:09','00:00:08'),(82,82,5.9,6,'00:00:06','00:00:09','00:00:22','00:00:09'),(83,83,7,9,'00:00:05','00:00:09','00:00:03','00:00:08'),(84,84,5.3,1,'00:00:07','00:00:08','00:00:17','00:00:10'),(85,85,7.1,1,'00:00:02','00:00:08','00:00:20','00:00:09'),(86,86,6,8,'00:00:05','00:00:08','00:00:07','00:00:08'),(87,87,6.8,3,'00:00:03','00:00:06','00:00:12','00:00:10'),(88,88,6.2,5,'00:00:02','00:00:05','00:00:13','00:00:08'),(89,89,5.5,1,'00:00:05','00:00:08','00:00:17','00:00:07'),(90,90,8.7,5,'00:00:08','00:00:08','00:00:11','00:00:09'),(91,91,7.8,6,'00:00:22','00:00:05','00:00:17','00:00:09'),(92,92,4.7,8,'00:00:12','00:00:09','00:00:04','00:00:10'),(93,93,8.3,3,'00:00:10','00:00:05','00:00:18','00:00:08'),(94,94,6.4,3,'00:00:16','00:00:06','00:00:04','00:00:09'),(95,95,8.5,10,'00:00:15','00:00:08','00:00:11','00:00:08'),(96,96,8,9,'00:00:02','00:00:06','00:00:05','00:00:07'),(97,97,6.1,4,'00:00:03','00:00:05','00:00:08','00:00:11'),(98,98,4.1,4,'00:00:04','00:00:06','00:00:08','00:00:10'),(99,99,5.3,7,'00:00:13','00:00:08','00:00:16','00:00:08'),(100,100,6.7,2,'00:00:22','00:00:07','00:00:17','00:00:09'),(101,101,7.2,8,'00:00:20','00:00:08','00:00:18','00:00:08'),(102,102,5.3,6,'00:00:15','00:00:07','00:00:05','00:00:11'),(103,103,4.7,3,'00:00:22','00:00:05','00:00:06','00:00:07'),(104,104,8.2,9,'00:00:22','00:00:09','00:00:13','00:00:07'),(105,105,8.9,5,'00:00:03','00:00:05','00:00:19','00:00:09'),(106,106,6.6,8,'00:00:07','00:00:09','00:00:14','00:00:09'),(107,107,4.9,7,'00:00:16','00:00:07','00:00:10','00:00:09'),(108,108,5.4,8,'00:00:19','00:00:09','00:00:13','00:00:07'),(109,109,4.1,7,'00:00:11','00:00:05','00:00:06','00:00:08'),(110,110,8.6,3,'00:00:22','00:00:07','00:00:02','00:00:09'),(111,111,4.6,2,'00:00:02','00:00:06','00:00:18','00:00:08'),(112,112,6.9,7,'00:00:13','00:00:05','00:00:13','00:00:10'),(113,113,5.4,3,'00:00:14','00:00:07','00:00:13','00:00:07'),(114,114,6.8,3,'00:00:14','00:00:06','00:00:16','00:00:09'),(115,115,7.3,2,'00:00:21','00:00:07','00:00:18','00:00:10'),(116,116,8.1,4,'00:00:09','00:00:05','00:00:21','00:00:08'),(117,117,5,8,'00:00:07','00:00:06','00:00:04','00:00:10'),(118,118,4.1,1,'00:00:08','00:00:08','00:00:14','00:00:10'),(119,119,4.7,1,'00:00:19','00:00:07','00:00:12','00:00:08'),(120,120,8.5,5,'00:00:10','00:00:08','00:00:04','00:00:11'),(121,121,8.4,5,'00:00:10','00:00:08','00:00:06','00:00:09'),(122,122,7,1,'00:00:04','00:00:08','00:00:19','00:00:08'),(123,123,7,6,'00:00:14','00:00:06','00:00:11','00:00:09'),(124,124,7.3,1,'00:00:14','00:00:08','00:00:13','00:00:08'),(125,125,4.9,5,'00:00:09','00:00:09','00:00:06','00:00:10'),(126,126,8.6,9,'00:00:09','00:00:08','00:00:08','00:00:10'),(127,127,6.1,5,'00:00:12','00:00:07','00:00:08','00:00:10'),(128,128,5.9,6,'00:00:13','00:00:08','00:00:15','00:00:11'),(129,129,6.6,8,'00:00:12','00:00:08','00:00:06','00:00:10'),(130,130,4.2,1,'00:00:04','00:00:07','00:00:21','00:00:09'),(131,131,4.8,2,'00:00:12','00:00:05','00:00:19','00:00:08'),(132,132,7.7,9,'00:00:02','00:00:06','00:00:15','00:00:09'),(133,133,4.4,3,'00:00:11','00:00:08','00:00:20','00:00:07'),(134,134,7,6,'00:00:02','00:00:06','00:00:17','00:00:10'),(135,135,5.2,5,'00:00:05','00:00:08','00:00:05','00:00:09'),(136,136,5.9,2,'00:00:14','00:00:06','00:00:03','00:00:07'),(137,137,5.4,7,'00:00:04','00:00:07','00:00:16','00:00:07'),(138,138,5.8,4,'00:00:20','00:00:05','00:00:17','00:00:09'),(139,139,7.6,1,'00:00:03','00:00:06','00:00:16','00:00:09'),(140,140,5.5,4,'00:00:09','00:00:09','00:00:16','00:00:09'),(141,141,6.8,6,'00:00:21','00:00:09','00:00:21','00:00:09'),(142,142,6.4,7,'00:00:08','00:00:08','00:00:03','00:00:09'),(143,143,7.3,7,'00:00:02','00:00:07','00:00:18','00:00:10'),(144,144,8.7,7,'00:00:21','00:00:08','00:00:14','00:00:08'),(145,145,7.7,3,'00:00:10','00:00:07','00:00:22','00:00:07'),(146,146,5.1,6,'00:00:06','00:00:07','00:00:05','00:00:09'),(147,147,4.2,8,'00:00:05','00:00:05','00:00:07','00:00:09'),(148,148,5.3,4,'00:00:13','00:00:08','00:00:03','00:00:07'),(149,149,7,8,'00:00:18','00:00:08','00:00:06','00:00:09'),(150,150,4.3,2,'00:00:21','00:00:09','00:00:16','00:00:07'),(151,151,6.5,10,'00:00:10','00:00:05','00:00:17','00:00:09'),(152,152,7,9,'00:00:12','00:00:08','00:00:08','00:00:09'),(153,153,5.7,9,'00:00:02','00:00:07','00:00:15','00:00:09'),(154,154,7.9,8,'00:00:21','00:00:07','00:00:11','00:00:10'),(155,155,4.5,10,'00:00:08','00:00:06','00:00:22','00:00:08'),(156,156,4.4,10,'00:00:21','00:00:07','00:00:21','00:00:11'),(157,157,7.6,1,'00:00:18','00:00:06','00:00:11','00:00:09'),(158,158,6.5,2,'00:00:12','00:00:06','00:00:11','00:00:09'),(159,159,7.4,6,'00:00:12','00:00:08','00:00:07','00:00:10'),(160,160,6.2,10,'00:00:08','00:00:08','00:00:19','00:00:10'),(161,161,5.2,5,'00:00:03','00:00:07','00:00:12','00:00:09'),(162,162,8.1,9,'00:00:09','00:00:09','00:00:18','00:00:09'),(163,163,8,5,'00:00:02','00:00:06','00:00:20','00:00:07'),(164,164,7.5,2,'00:00:03','00:00:06','00:00:14','00:00:07'),(165,165,5.4,10,'00:00:10','00:00:08','00:00:19','00:00:08'),(166,166,7,4,'00:00:04','00:00:06','00:00:18','00:00:08'),(167,167,5.8,9,'00:00:09','00:00:06','00:00:16','00:00:09'),(168,168,4.5,1,'00:00:20','00:00:06','00:00:17','00:00:08'),(169,169,8.6,1,'00:00:06','00:00:05','00:00:20','00:00:10'),(170,170,4.7,7,'00:00:20','00:00:08','00:00:20','00:00:10'),(171,171,8.8,3,'00:00:10','00:00:06','00:00:18','00:00:11'),(172,172,6.2,10,'00:00:07','00:00:07','00:00:21','00:00:09'),(173,173,4.9,2,'00:00:21','00:00:05','00:00:09','00:00:10'),(174,174,6.7,9,'00:00:17','00:00:08','00:00:16','00:00:10'),(175,175,8.4,3,'00:00:03','00:00:06','00:00:16','00:00:09'),(176,176,7.7,2,'00:00:09','00:00:08','00:00:15','00:00:08'),(177,177,8,8,'00:00:17','00:00:07','00:00:09','00:00:11'),(178,178,7.3,10,'00:00:08','00:00:06','00:00:05','00:00:09'),(179,179,7.5,6,'00:00:09','00:00:07','00:00:07','00:00:09'),(180,180,8.2,6,'00:00:11','00:00:06','00:00:07','00:00:08'),(181,181,5.2,10,'00:00:02','00:00:07','00:00:12','00:00:07'),(182,182,6.4,7,'00:00:08','00:00:06','00:00:08','00:00:10'),(183,183,5.1,7,'00:00:14','00:00:09','00:00:11','00:00:09'),(184,184,8.9,6,'00:00:05','00:00:05','00:00:18','00:00:08'),(185,185,8.7,4,'00:00:03','00:00:08','00:00:18','00:00:08'),(186,186,4.2,9,'00:00:19','00:00:06','00:00:16','00:00:09'),(187,187,7.5,6,'00:00:18','00:00:06','00:00:04','00:00:09'),(188,188,8.6,4,'00:00:17','00:00:07','00:00:11','00:00:08'),(189,189,4.9,3,'00:00:07','00:00:09','00:00:07','00:00:10'),(190,190,6.8,4,'00:00:09','00:00:06','00:00:15','00:00:07'),(191,191,8.6,3,'00:00:09','00:00:05','00:00:14','00:00:08'),(192,192,4.2,2,'00:00:02','00:00:06','00:00:19','00:00:10'),(193,193,7.5,5,'00:00:06','00:00:05','00:00:19','00:00:08'),(194,194,5.5,2,'00:00:19','00:00:06','00:00:05','00:00:10'),(195,195,8.6,6,'00:00:15','00:00:07','00:00:10','00:00:10'),(196,196,8.9,3,'00:00:13','00:00:05','00:00:15','00:00:10'),(197,197,8.7,6,'00:00:14','00:00:05','00:00:06','00:00:07'),(198,198,6.4,10,'00:00:08','00:00:08','00:00:17','00:00:08'),(199,199,8.3,9,'00:00:03','00:00:06','00:00:02','00:00:08'),(200,200,8.2,1,'00:00:16','00:00:06','00:00:15','00:00:09'),(201,201,5.6,6,'00:00:10','00:00:06','00:00:15','00:00:10'),(202,202,8.1,9,'00:00:05','00:00:08','00:00:16','00:00:10'),(203,203,4.2,4,'00:00:13','00:00:06','00:00:20','00:00:10'),(204,204,7,2,'00:00:18','00:00:07','00:00:20','00:00:11'),(205,205,5.2,4,'00:00:12','00:00:05','00:00:09','00:00:10'),(206,206,4.6,1,'00:00:21','00:00:07','00:00:05','00:00:08'),(207,207,4.4,3,'00:00:02','00:00:06','00:00:06','00:00:08'),(208,208,7.5,10,'00:00:20','00:00:08','00:00:19','00:00:10'),(209,209,5.7,9,'00:00:13','00:00:08','00:00:11','00:00:08'),(210,210,7.6,10,'00:00:11','00:00:07','00:00:20','00:00:07'),(211,211,4.3,5,'00:00:01','00:00:06','00:00:21','00:00:09'),(212,212,5.6,6,'00:00:19','00:00:06','00:00:09','00:00:10'),(213,213,6.7,3,'00:00:20','00:00:06','00:00:11','00:00:07'),(214,214,8,5,'00:00:22','00:00:06','00:00:20','00:00:10'),(215,215,5.6,8,'00:00:19','00:00:06','00:00:21','00:00:10'),(216,216,7.1,6,'00:00:18','00:00:08','00:00:02','00:00:09'),(217,217,8.4,4,'00:00:09','00:00:07','00:00:21','00:00:07'),(218,218,7.1,2,'00:00:17','00:00:07','00:00:13','00:00:08'),(219,219,5.2,9,'00:00:22','00:00:07','00:00:12','00:00:10'),(220,220,4.1,1,'00:00:05','00:00:07','00:00:20','00:00:10'),(221,221,8.4,1,'00:00:14','00:00:05','00:00:19','00:00:11'),(222,222,4.1,4,'00:00:15','00:00:08','00:00:15','00:00:09'),(223,223,8.4,7,'00:00:16','00:00:06','00:00:07','00:00:08'),(224,224,6.6,1,'00:00:02','00:00:08','00:00:12','00:00:07'),(225,225,8.7,9,'00:00:18','00:00:08','00:00:09','00:00:10'),(226,226,8,4,'00:00:03','00:00:08','00:00:02','00:00:08'),(227,227,9,3,'00:00:06','00:00:07','00:00:07','00:00:08'),(228,228,5.8,1,'00:00:20','00:00:05','00:00:13','00:00:09'),(229,229,7.8,10,'00:00:01','00:00:06','00:00:13','00:00:07'),(230,230,6,4,'00:00:16','00:00:07','00:00:10','00:00:08'),(231,231,6.4,9,'00:00:20','00:00:07','00:00:09','00:00:09'),(232,232,7.1,10,'00:00:05','00:00:08','00:00:12','00:00:08'),(233,233,8.4,6,'00:00:07','00:00:06','00:00:09','00:00:08'),(234,234,8.9,6,'00:00:09','00:00:06','00:00:22','00:00:10'),(235,235,7.8,1,'00:00:19','00:00:06','00:00:13','00:00:10'),(236,236,6.1,10,'00:00:12','00:00:06','00:00:16','00:00:08'),(237,237,6.1,2,'00:00:06','00:00:07','00:00:19','00:00:10'),(238,238,7.7,6,'00:00:16','00:00:08','00:00:20','00:00:09'),(239,239,5.2,2,'00:00:15','00:00:08','00:00:10','00:00:09'),(240,240,4.6,3,'00:00:22','00:00:08','00:00:12','00:00:10'),(241,241,5.8,4,'00:00:18','00:00:09','00:00:17','00:00:10'),(242,242,5.4,5,'00:00:04','00:00:08','00:00:13','00:00:10'),(243,243,5.5,9,'00:00:13','00:00:05','00:00:12','00:00:08'),(244,244,5.2,4,'00:00:01','00:00:08','00:00:18','00:00:07'),(245,245,4.2,9,'00:00:14','00:00:06','00:00:09','00:00:11'),(246,246,4.1,10,'00:00:07','00:00:06','00:00:06','00:00:09'),(247,247,8.9,3,'00:00:16','00:00:08','00:00:06','00:00:08'),(248,248,6.1,8,'00:00:14','00:00:06','00:00:10','00:00:10'),(249,249,5.9,1,'00:00:18','00:00:05','00:00:12','00:00:10'),(250,250,7.4,9,'00:00:15','00:00:06','00:00:21','00:00:10'),(251,251,5.1,9,'00:00:11','00:00:05','00:00:16','00:00:08'),(252,252,8.7,10,'00:00:01','00:00:09','00:00:20','00:00:10'),(253,253,7.9,2,'00:00:08','00:00:05','00:00:03','00:00:07'),(254,254,4.4,4,'00:00:18','00:00:06','00:00:19','00:00:07'),(255,255,6.1,8,'00:00:21','00:00:07','00:00:19','00:00:09'),(256,256,8.4,7,'00:00:19','00:00:06','00:00:04','00:00:07'),(257,257,8.7,1,'00:00:10','00:00:09','00:00:03','00:00:08'),(258,258,6.3,5,'00:00:06','00:00:05','00:00:07','00:00:10'),(259,259,7.1,7,'00:00:02','00:00:07','00:00:22','00:00:08'),(260,260,4.8,4,'00:00:22','00:00:08','00:00:22','00:00:08'),(261,261,9,1,'00:00:11','00:00:09','00:00:14','00:00:08'),(262,262,5.2,9,'00:00:12','00:00:07','00:00:19','00:00:09'),(263,263,8.7,5,'00:00:08','00:00:08','00:00:22','00:00:09'),(264,264,7.2,2,'00:00:10','00:00:05','00:00:13','00:00:10'),(265,265,7,8,'00:00:08','00:00:07','00:00:03','00:00:10'),(266,266,6.6,2,'00:00:08','00:00:07','00:00:16','00:00:09'),(267,267,5.2,3,'00:00:20','00:00:09','00:00:09','00:00:10'),(268,268,4.9,10,'00:00:05','00:00:06','00:00:09','00:00:07'),(269,269,5.1,1,'00:00:19','00:00:06','00:00:17','00:00:08'),(270,270,4.9,2,'00:00:07','00:00:06','00:00:09','00:00:10'),(271,271,7.9,7,'00:00:13','00:00:05','00:00:18','00:00:09'),(272,272,5.8,10,'00:00:11','00:00:06','00:00:20','00:00:11'),(273,273,4.3,2,'00:00:03','00:00:09','00:00:08','00:00:09'),(274,274,8.8,6,'00:00:03','00:00:07','00:00:20','00:00:10'),(275,275,8.4,3,'00:00:05','00:00:08','00:00:02','00:00:09'),(276,276,8.6,4,'00:00:11','00:00:08','00:00:18','00:00:09'),(277,277,9,8,'00:00:07','00:00:06','00:00:10','00:00:09'),(278,278,4.9,3,'00:00:11','00:00:06','00:00:14','00:00:10'),(279,279,6,10,'00:00:04','00:00:06','00:00:19','00:00:09'),(280,280,7.8,6,'00:00:14','00:00:06','00:00:21','00:00:11'),(281,281,7.5,1,'00:00:02','00:00:08','00:00:10','00:00:08'),(282,282,4.8,7,'00:00:02','00:00:07','00:00:06','00:00:07'),(283,283,8.1,8,'00:00:06','00:00:05','00:00:05','00:00:09'),(284,284,5.1,8,'00:00:16','00:00:07','00:00:12','00:00:09'),(285,285,5.1,3,'00:00:19','00:00:09','00:00:06','00:00:10'),(286,286,6.7,10,'00:00:04','00:00:08','00:00:09','00:00:08'),(287,287,7,1,'00:00:19','00:00:08','00:00:08','00:00:10'),(288,288,6.9,9,'00:00:04','00:00:08','00:00:12','00:00:08'),(289,289,4.5,6,'00:00:12','00:00:06','00:00:09','00:00:09'),(290,290,8.4,9,'00:00:13','00:00:08','00:00:06','00:00:11'),(291,291,5.3,7,'00:00:03','00:00:06','00:00:14','00:00:08'),(292,292,4.6,1,'00:00:09','00:00:08','00:00:06','00:00:09'),(293,293,8.4,1,'00:00:10','00:00:08','00:00:10','00:00:11'),(294,294,8.8,6,'00:00:10','00:00:05','00:00:19','00:00:10'),(295,295,8.3,5,'00:00:14','00:00:08','00:00:22','00:00:09'),(296,296,8,9,'00:00:06','00:00:09','00:00:15','00:00:09'),(297,297,7.3,2,'00:00:17','00:00:06','00:00:11','00:00:08'),(298,298,6.8,8,'00:00:02','00:00:08','00:00:05','00:00:09'),(299,299,4.4,5,'00:00:03','00:00:05','00:00:19','00:00:10'),(300,300,6,2,'00:00:15','00:00:07','00:00:06','00:00:10'),(301,301,5.9,10,'00:00:07','00:00:07','00:00:05','00:00:08'),(302,302,5.3,6,'00:00:10','00:00:07','00:00:19','00:00:08'),(303,303,7.6,10,'00:00:15','00:00:09','00:00:05','00:00:08'),(304,304,6.5,8,'00:00:01','00:00:08','00:00:02','00:00:08'),(305,305,4.4,4,'00:00:21','00:00:08','00:00:07','00:00:07'),(306,306,5.1,2,'00:00:17','00:00:06','00:00:06','00:00:09'),(307,307,7.4,5,'00:00:11','00:00:09','00:00:02','00:00:07'),(308,308,4.4,2,'00:00:11','00:00:05','00:00:10','00:00:08'),(309,309,8.3,2,'00:00:10','00:00:08','00:00:16','00:00:09'),(310,310,6.5,6,'00:00:06','00:00:06','00:00:05','00:00:08'),(311,311,6.4,10,'00:00:09','00:00:05','00:00:10','00:00:07'),(312,312,7,9,'00:00:09','00:00:08','00:00:10','00:00:08'),(313,313,8.1,4,'00:00:21','00:00:06','00:00:17','00:00:08'),(314,314,5.7,6,'00:00:14','00:00:06','00:00:07','00:00:09'),(315,315,7.4,7,'00:00:17','00:00:06','00:00:20','00:00:07'),(316,316,6.8,6,'00:00:16','00:00:05','00:00:04','00:00:10'),(317,317,5.3,8,'00:00:10','00:00:06','00:00:15','00:00:11'),(318,318,8.4,4,'00:00:18','00:00:05','00:00:19','00:00:10'),(319,319,8,1,'00:00:16','00:00:07','00:00:13','00:00:09'),(320,320,7.3,7,'00:00:17','00:00:05','00:00:21','00:00:10'),(321,321,8.3,3,'00:00:02','00:00:08','00:00:08','00:00:10'),(322,322,8.3,6,'00:00:02','00:00:06','00:00:04','00:00:07'),(323,323,7.5,2,'00:00:09','00:00:09','00:00:05','00:00:09'),(324,324,8.2,9,'00:00:03','00:00:08','00:00:19','00:00:10'),(325,325,7.5,1,'00:00:06','00:00:06','00:00:19','00:00:08'),(326,326,7.4,6,'00:00:10','00:00:08','00:00:06','00:00:07'),(327,327,7.1,6,'00:00:22','00:00:08','00:00:04','00:00:10'),(328,328,7.8,5,'00:00:06','00:00:09','00:00:13','00:00:10'),(329,329,4.8,5,'00:00:07','00:00:07','00:00:12','00:00:08'),(330,330,8.4,1,'00:00:09','00:00:05','00:00:16','00:00:09'),(331,331,8.4,10,'00:00:06','00:00:08','00:00:04','00:00:08'),(332,332,4.1,5,'00:00:11','00:00:08','00:00:09','00:00:10'),(333,333,8.1,2,'00:00:07','00:00:08','00:00:16','00:00:08'),(334,334,4.6,7,'00:00:02','00:00:06','00:00:16','00:00:08'),(335,335,5.7,3,'00:00:14','00:00:08','00:00:04','00:00:10'),(336,336,7.7,4,'00:00:07','00:00:09','00:00:22','00:00:09'),(337,337,4.8,3,'00:00:12','00:00:06','00:00:16','00:00:10'),(338,338,8.1,3,'00:00:08','00:00:05','00:00:11','00:00:09'),(339,339,8.2,4,'00:00:06','00:00:06','00:00:19','00:00:08'),(340,340,6.5,5,'00:00:21','00:00:08','00:00:20','00:00:10'),(341,341,4,1,'00:00:08','00:00:08','00:00:06','00:00:08'),(342,342,5.4,4,'00:00:17','00:00:08','00:00:04','00:00:08'),(343,343,7.1,8,'00:00:08','00:00:07','00:00:06','00:00:08'),(344,344,8.9,10,'00:00:12','00:00:07','00:00:04','00:00:10'),(345,345,7.2,7,'00:00:06','00:00:06','00:00:11','00:00:11'),(346,346,5.3,9,'00:00:19','00:00:07','00:00:06','00:00:11'),(347,347,7.2,5,'00:00:09','00:00:08','00:00:14','00:00:09'),(348,348,6.7,10,'00:00:16','00:00:09','00:00:09','00:00:08'),(349,349,7.9,4,'00:00:04','00:00:09','00:00:02','00:00:09'),(350,350,4.5,8,'00:00:03','00:00:09','00:00:17','00:00:10'),(351,351,7.8,9,'00:00:01','00:00:07','00:00:14','00:00:08'),(352,352,6.7,7,'00:00:05','00:00:07','00:00:12','00:00:11'),(353,353,8.8,7,'00:00:06','00:00:08','00:00:19','00:00:08'),(354,354,5.7,5,'00:00:17','00:00:09','00:00:20','00:00:11'),(355,355,7.2,4,'00:00:15','00:00:06','00:00:05','00:00:10'),(356,356,8.7,10,'00:00:12','00:00:06','00:00:02','00:00:10'),(357,357,4.5,1,'00:00:06','00:00:06','00:00:14','00:00:08'),(358,358,8.7,10,'00:00:03','00:00:07','00:00:20','00:00:07'),(359,359,7.4,10,'00:00:18','00:00:06','00:00:21','00:00:09'),(360,360,4.3,7,'00:00:03','00:00:06','00:00:04','00:00:08'),(361,361,5.5,1,'00:00:07','00:00:05','00:00:13','00:00:07'),(362,362,7.5,1,'00:00:09','00:00:06','00:00:16','00:00:09'),(363,363,4.3,5,'00:00:18','00:00:08','00:00:12','00:00:09'),(364,364,6.9,9,'00:00:21','00:00:06','00:00:16','00:00:10'),(365,365,5.7,6,'00:00:10','00:00:08','00:00:12','00:00:09'),(366,366,7.1,3,'00:00:08','00:00:08','00:00:05','00:00:07'),(367,367,4.2,3,'00:00:18','00:00:08','00:00:10','00:00:11'),(368,368,8.4,7,'00:00:10','00:00:06','00:00:08','00:00:08'),(369,369,8.9,6,'00:00:04','00:00:09','00:00:15','00:00:09'),(370,370,8.8,9,'00:00:04','00:00:07','00:00:07','00:00:09'),(371,371,7.7,6,'00:00:03','00:00:09','00:00:09','00:00:10'),(372,372,4.7,5,'00:00:14','00:00:09','00:00:20','00:00:07'),(373,373,7.8,10,'00:00:15','00:00:06','00:00:11','00:00:09'),(374,374,4.1,7,'00:00:06','00:00:05','00:00:17','00:00:10'),(375,375,4.1,1,'00:00:13','00:00:06','00:00:06','00:00:08'),(376,376,5.6,7,'00:00:20','00:00:07','00:00:13','00:00:10'),(377,377,6.4,3,'00:00:16','00:00:06','00:00:02','00:00:11'),(378,378,7.9,9,'00:00:13','00:00:06','00:00:20','00:00:11'),(379,379,7.4,6,'00:00:16','00:00:07','00:00:06','00:00:07'),(380,380,6.2,9,'00:00:15','00:00:05','00:00:09','00:00:08'),(381,381,5.4,5,'00:00:16','00:00:05','00:00:07','00:00:08'),(382,382,9,7,'00:00:21','00:00:07','00:00:16','00:00:09'),(383,383,6.1,4,'00:00:09','00:00:05','00:00:12','00:00:08'),(384,384,6.3,7,'00:00:09','00:00:07','00:00:06','00:00:08'),(385,385,4.8,1,'00:00:08','00:00:07','00:00:17','00:00:11'),(386,386,8,7,'00:00:18','00:00:07','00:00:17','00:00:11'),(387,387,7.5,8,'00:00:16','00:00:08','00:00:11','00:00:07'),(388,388,5.1,5,'00:00:09','00:00:07','00:00:12','00:00:08'),(389,389,4.4,2,'00:00:09','00:00:07','00:00:16','00:00:09'),(390,390,7.4,5,'00:00:11','00:00:07','00:00:16','00:00:08'),(391,391,7.3,6,'00:00:15','00:00:08','00:00:16','00:00:10'),(392,392,5.4,2,'00:00:03','00:00:09','00:00:07','00:00:10'),(393,393,8.8,6,'00:00:15','00:00:08','00:00:09','00:00:10'),(394,394,4.8,6,'00:00:12','00:00:08','00:00:05','00:00:10'),(395,395,6.2,1,'00:00:08','00:00:06','00:00:02','00:00:09'),(396,396,8.7,1,'00:00:11','00:00:06','00:00:13','00:00:10'),(397,397,6.1,10,'00:00:15','00:00:05','00:00:21','00:00:08'),(398,398,7.2,3,'00:00:13','00:00:09','00:00:21','00:00:09'),(399,399,6,10,'00:00:05','00:00:08','00:00:16','00:00:09'),(400,400,5.4,10,'00:00:16','00:00:08','00:00:03','00:00:08'),(401,401,8.9,3,'00:00:19','00:00:06','00:00:12','00:00:08'),(402,402,6,4,'00:00:15','00:00:08','00:00:17','00:00:08'),(403,403,8.5,2,'00:00:04','00:00:06','00:00:14','00:00:11'),(404,404,5.1,9,'00:00:20','00:00:05','00:00:10','00:00:08'),(405,405,5.1,10,'00:00:01','00:00:07','00:00:09','00:00:08'),(406,406,4.2,7,'00:00:11','00:00:07','00:00:19','00:00:08'),(407,407,7.3,7,'00:00:01','00:00:07','00:00:02','00:00:10'),(408,408,5.8,6,'00:00:02','00:00:08','00:00:11','00:00:07'),(409,409,8.3,3,'00:00:12','00:00:05','00:00:19','00:00:11'),(410,410,6.4,6,'00:00:18','00:00:07','00:00:04','00:00:10'),(411,411,8.8,8,'00:00:19','00:00:07','00:00:21','00:00:09'),(412,412,4.9,8,'00:00:17','00:00:06','00:00:04','00:00:10'),(413,413,8.3,9,'00:00:07','00:00:08','00:00:02','00:00:07'),(414,414,7.9,1,'00:00:16','00:00:08','00:00:08','00:00:08'),(415,415,7.9,1,'00:00:15','00:00:08','00:00:07','00:00:10'),(416,416,8.2,3,'00:00:13','00:00:09','00:00:15','00:00:07'),(417,417,7.8,3,'00:00:03','00:00:08','00:00:03','00:00:08'),(418,418,7.1,10,'00:00:18','00:00:06','00:00:11','00:00:09'),(419,419,4.7,8,'00:00:22','00:00:08','00:00:07','00:00:08'),(420,420,4.2,10,'00:00:21','00:00:06','00:00:04','00:00:11'),(421,421,8.6,1,'00:00:03','00:00:06','00:00:03','00:00:08'),(422,422,7.1,2,'00:00:08','00:00:05','00:00:05','00:00:10'),(423,423,8,2,'00:00:16','00:00:08','00:00:16','00:00:09'),(424,424,6.4,3,'00:00:18','00:00:08','00:00:03','00:00:10'),(425,425,4.6,6,'00:00:16','00:00:06','00:00:09','00:00:08'),(426,426,4.6,1,'00:00:20','00:00:08','00:00:03','00:00:09'),(427,427,7.4,2,'00:00:02','00:00:09','00:00:08','00:00:10'),(428,428,6.2,1,'00:00:06','00:00:05','00:00:16','00:00:09'),(429,429,5,5,'00:00:12','00:00:06','00:00:15','00:00:08'),(430,430,6.5,7,'00:00:04','00:00:08','00:00:11','00:00:09'),(431,431,4.3,8,'00:00:17','00:00:06','00:00:06','00:00:10'),(432,432,6.9,10,'00:00:07','00:00:08','00:00:16','00:00:09'),(433,433,5.3,1,'00:00:04','00:00:05','00:00:10','00:00:11'),(434,434,8,7,'00:00:15','00:00:07','00:00:15','00:00:08'),(435,435,5.6,5,'00:00:06','00:00:08','00:00:06','00:00:09'),(436,436,6.3,10,'00:00:16','00:00:08','00:00:13','00:00:10'),(437,437,4.1,1,'00:00:16','00:00:08','00:00:20','00:00:10'),(438,438,4.4,3,'00:00:20','00:00:09','00:00:19','00:00:10'),(439,439,6,7,'00:00:13','00:00:08','00:00:21','00:00:11'),(440,440,6.4,10,'00:00:07','00:00:08','00:00:12','00:00:09'),(441,441,7,1,'00:00:02','00:00:05','00:00:20','00:00:07'),(442,442,5.5,7,'00:00:09','00:00:07','00:00:20','00:00:07'),(443,443,7.5,5,'00:00:04','00:00:05','00:00:03','00:00:10'),(444,444,8.3,1,'00:00:05','00:00:08','00:00:05','00:00:11'),(445,445,7.9,1,'00:00:18','00:00:06','00:00:13','00:00:08'),(446,446,4.2,1,'00:00:12','00:00:07','00:00:02','00:00:08'),(447,447,6.4,9,'00:00:20','00:00:06','00:00:22','00:00:07'),(448,448,4.5,3,'00:00:08','00:00:08','00:00:10','00:00:10'),(449,449,5.2,5,'00:00:02','00:00:09','00:00:10','00:00:08'),(450,450,8.9,10,'00:00:19','00:00:07','00:00:13','00:00:09'),(451,451,4.7,9,'00:00:07','00:00:08','00:00:14','00:00:09'),(452,452,6.5,6,'00:00:09','00:00:06','00:00:13','00:00:10'),(453,453,7.1,9,'00:00:10','00:00:07','00:00:14','00:00:10'),(454,454,7.5,8,'00:00:14','00:00:08','00:00:07','00:00:09'),(455,455,6.8,8,'00:00:15','00:00:06','00:00:19','00:00:08'),(456,456,4,1,'00:00:21','00:00:09','00:00:18','00:00:09'),(457,457,5.6,9,'00:00:17','00:00:05','00:00:18','00:00:10'),(458,458,6.6,6,'00:00:22','00:00:05','00:00:17','00:00:11'),(459,459,4.4,9,'00:00:10','00:00:09','00:00:11','00:00:08'),(460,460,5.8,3,'00:00:20','00:00:05','00:00:20','00:00:07'),(461,461,4.2,3,'00:00:04','00:00:09','00:00:05','00:00:07'),(462,462,4.4,6,'00:00:11','00:00:09','00:00:16','00:00:09'),(463,463,6,9,'00:00:07','00:00:06','00:00:19','00:00:10'),(464,464,4.7,7,'00:00:13','00:00:07','00:00:08','00:00:07'),(465,465,6.8,3,'00:00:10','00:00:06','00:00:21','00:00:09'),(466,466,7.4,3,'00:00:02','00:00:07','00:00:10','00:00:08'),(467,467,8,2,'00:00:20','00:00:05','00:00:08','00:00:07'),(468,468,5,9,'00:00:17','00:00:06','00:00:18','00:00:09'),(469,469,4.8,3,'00:00:06','00:00:06','00:00:21','00:00:08'),(470,470,4.5,5,'00:00:20','00:00:07','00:00:15','00:00:08'),(471,471,7.2,9,'00:00:20','00:00:09','00:00:20','00:00:10'),(472,472,7.5,8,'00:00:14','00:00:08','00:00:20','00:00:09'),(473,473,4.2,2,'00:00:20','00:00:08','00:00:17','00:00:08'),(474,474,8.7,3,'00:00:10','00:00:07','00:00:16','00:00:11'),(475,475,4.3,2,'00:00:17','00:00:08','00:00:11','00:00:10'),(476,476,6.7,8,'00:00:03','00:00:06','00:00:08','00:00:10'),(477,477,7.5,6,'00:00:06','00:00:08','00:00:10','00:00:07'),(478,478,8.4,6,'00:00:07','00:00:09','00:00:19','00:00:07'),(479,479,7.6,9,'00:00:09','00:00:06','00:00:19','00:00:07'),(480,480,8,8,'00:00:04','00:00:08','00:00:04','00:00:08'),(481,481,5.7,4,'00:00:17','00:00:08','00:00:11','00:00:09'),(482,482,8.1,4,'00:00:04','00:00:09','00:00:05','00:00:11'),(483,483,4.4,9,'00:00:05','00:00:08','00:00:15','00:00:09'),(484,484,8.5,1,'00:00:06','00:00:06','00:00:10','00:00:08'),(485,485,6.7,2,'00:00:10','00:00:06','00:00:12','00:00:09'),(486,486,8.1,2,'00:00:17','00:00:05','00:00:16','00:00:07'),(487,487,6.3,6,'00:00:13','00:00:08','00:00:13','00:00:09'),(488,488,7.2,4,'00:00:05','00:00:05','00:00:12','00:00:09'),(489,489,6.6,10,'00:00:21','00:00:08','00:00:18','00:00:10'),(490,490,7.7,3,'00:00:06','00:00:05','00:00:16','00:00:11'),(491,491,4.4,3,'00:00:17','00:00:06','00:00:06','00:00:08'),(492,492,4.3,3,'00:00:19','00:00:07','00:00:04','00:00:09'),(493,493,5.2,6,'00:00:20','00:00:08','00:00:15','00:00:11'),(494,494,4.8,8,'00:00:21','00:00:06','00:00:16','00:00:10'),(495,495,8.4,7,'00:00:11','00:00:07','00:00:18','00:00:09'),(496,496,5.1,4,'00:00:17','00:00:07','00:00:08','00:00:11'),(497,497,8.9,4,'00:00:01','00:00:06','00:00:16','00:00:07'),(498,498,5.7,10,'00:00:10','00:00:05','00:00:02','00:00:11'),(499,499,4.9,2,'00:00:19','00:00:08','00:00:15','00:00:07'),(500,500,7.9,1,'00:00:08','00:00:07','00:00:14','00:00:09');
/*!40000 ALTER TABLE `sleep_patterns` ENABLE KEYS */;
UNLOCK TABLES;

--
-- Temporary view structure for view `sleepstatsbyage`
--

DROP TABLE IF EXISTS `sleepstatsbyage`;
/*!50001 DROP VIEW IF EXISTS `sleepstatsbyage`*/;
SET @saved_cs_client     = @@character_set_client;
/*!50503 SET character_set_client = utf8mb4 */;
/*!50001 CREATE VIEW `sleepstatsbyage` AS SELECT 
 1 AS `Age`,
 1 AS `avg_sleep_duration`,
 1 AS `min_sleep_duration`,
 1 AS `max_sleep_duration`,
 1 AS `total_students`*/;
SET character_set_client = @saved_cs_client;

--
-- Table structure for table `student_sleep_patterns`
--

DROP TABLE IF EXISTS `student_sleep_patterns`;
/*!40101 SET @saved_cs_client     = @@character_set_client */;
/*!50503 SET character_set_client = utf8mb4 */;
CREATE TABLE `student_sleep_patterns` (
  `Student_ID` int DEFAULT NULL,
  `Age` int DEFAULT NULL,
  `Gender` text,
  `University_Year` text,
  `Sleep_Duration` double DEFAULT NULL,
  `Study_Hours` double DEFAULT NULL,
  `Screen_Time` double DEFAULT NULL,
  `Caffeine_Intake` int DEFAULT NULL,
  `Physical_Activity` int DEFAULT NULL,
  `Sleep_Quality` int DEFAULT NULL,
  `Weekday_Sleep_Start` double DEFAULT NULL,
  `Weekend_Sleep_Start` double DEFAULT NULL,
  `Weekday_Sleep_End` double DEFAULT NULL,
  `Weekend_Sleep_End` double DEFAULT NULL
) ENGINE=InnoDB DEFAULT CHARSET=utf8mb4 COLLATE=utf8mb4_0900_ai_ci;
/*!40101 SET character_set_client = @saved_cs_client */;

--
-- Dumping data for table `student_sleep_patterns`
--

LOCK TABLES `student_sleep_patterns` WRITE;
/*!40000 ALTER TABLE `student_sleep_patterns` DISABLE KEYS */;
INSERT INTO `student_sleep_patterns` VALUES (1,24,'Other','2nd Year',7.7,7.9,3.4,2,37,10,14.16,4.05,7.41,7.06),(2,21,'Male','1st Year',6.3,6,1.9,5,74,2,8.73,7.1,8.21,10.21),(3,22,'Male','4th Year',5.1,6.7,3.9,5,53,5,20,20.47,6.88,10.92),(4,24,'Other','4th Year',6.3,8.6,2.8,4,55,9,19.82,4.08,6.69,9.42),(5,20,'Male','4th Year',4.7,2.7,2.7,0,85,3,20.98,6.12,8.98,9.01),(6,25,'Other','1st Year',4.9,12,3.2,3,96,9,9.8,18.83,5.04,10.51),(7,22,'Female','2nd Year',6.5,11.7,3.4,1,99,6,13.05,20.96,8.58,10.81),(8,22,'Male','2nd Year',6.1,7.8,3,1,108,4,10.49,10.85,5.6,10.02),(9,24,'Female','1st Year',8.6,2.4,1.4,1,86,7,11.06,18.88,8.14,8.78),(10,19,'Other','2nd Year',5.8,8.2,2,3,44,8,14.65,5.31,7.47,9.37),(11,20,'Female','1st Year',6.9,0.9,3.8,5,108,6,7.77,14.83,6.37,9.8),(12,24,'Female','2nd Year',7.2,0.4,1.7,0,33,5,6.07,3.74,8.5,7.78),(13,20,'Other','3rd Year',4.1,3.1,2.1,3,8,6,21.69,10.69,5.05,8.79),(14,20,'Female','3rd Year',7.3,5.6,2.3,1,87,5,17.65,18.35,5.91,10.32),(15,25,'Female','4th Year',4.9,10.4,2.3,4,7,8,7.02,19.21,7.27,9.62),(16,22,'Other','3rd Year',8.8,8.7,2.8,2,6,1,13.88,10.47,6.41,8.64),(17,21,'Female','3rd Year',4.7,8.9,3.8,3,35,7,8.09,6.76,7.44,9.65),(18,25,'Other','3rd Year',6.1,5.1,1.7,3,17,10,14.71,6.37,5.1,7.47),(19,25,'Female','1st Year',4.4,4.2,1.4,0,2,10,13.79,16.48,5.47,8.61),(20,20,'Other','3rd Year',9,4.5,1.6,0,27,2,18.67,17.92,5.51,10.17),(21,23,'Other','3rd Year',6.5,11.9,3.7,3,69,9,16.58,21.66,5.76,7.88),(22,22,'Female','4th Year',7,0.5,2.9,1,107,1,9.29,8.42,6.84,7.74),(23,19,'Female','3rd Year',4.3,10.4,1.9,2,43,10,12.9,20.47,8.01,10.8),(24,25,'Female','3rd Year',7.7,6.9,3.4,0,20,6,5.74,13.58,8.62,7.84),(25,21,'Male','2nd Year',5,5.3,3.6,1,27,9,4.1,9.97,8.34,8.04),(26,23,'Male','4th Year',8.5,8.7,3.5,4,103,1,10.63,3.26,5.79,10.88),(27,23,'Male','4th Year',5,5.8,3.8,0,53,4,6.08,15.76,6.76,9.94),(28,19,'Other','4th Year',5,10.5,1.8,1,53,4,15.56,17,5.8,9.8),(29,25,'Female','4th Year',4.2,10.8,3.3,1,64,9,13.29,8.92,6.06,10.41),(30,21,'Other','4th Year',6.4,5.1,2.4,2,99,5,7.03,9.62,7.01,7.46),(31,22,'Male','4th Year',6.8,3.3,3.5,2,20,5,13.89,15.36,5.27,9.82),(32,18,'Female','1st Year',4.3,7.1,3.2,4,106,6,9.64,3.44,5.87,9.01),(33,21,'Other','3rd Year',7.9,10.9,3.3,1,98,1,18.11,5.1,8.74,10.32),(34,19,'Female','4th Year',6.3,2.5,3,5,12,1,9.4,17.52,6.86,9.03),(35,23,'Other','3rd Year',6.6,7.5,1.5,1,56,9,3.91,17.22,6.78,9.48),(36,22,'Female','3rd Year',6.2,7.6,2.6,2,48,3,3.76,11.75,5.06,8.91),(37,21,'Male','1st Year',6,8.8,4,5,117,4,6.79,6.53,5.99,8.91),(38,18,'Male','4th Year',6.8,1.6,3.8,0,53,1,6.34,21.12,8.47,10.07),(39,18,'Female','2nd Year',4.8,8.6,1.1,0,9,9,10.28,8.13,5.66,9.51),(40,20,'Other','1st Year',4.9,10.9,1.5,3,52,8,9.72,9.04,6.66,9.53),(41,20,'Male','2nd Year',8.3,2.2,1.4,2,43,2,19.19,17.37,5.06,8.8),(42,24,'Male','3rd Year',8.7,2.9,3.2,3,46,8,12.68,8.37,6.91,9.12),(43,19,'Male','3rd Year',5.9,11.7,3.5,5,52,7,12.53,3.2,5.08,9.98),(44,25,'Female','1st Year',5.4,2.2,1.6,2,73,6,1.87,21.06,8.28,10.3),(45,21,'Female','1st Year',7.2,10.3,2.5,4,45,1,12.95,15.61,8.3,9.79),(46,21,'Other','2nd Year',6,5.9,3.5,1,12,7,10.46,13.24,8.15,10.7),(47,25,'Other','4th Year',4.1,3,3.2,4,36,10,10.8,4.01,6.13,10.28),(48,24,'Other','2nd Year',4.8,10.4,2.6,5,101,7,8.63,2.75,8.35,9.25),(49,23,'Female','1st Year',7.6,5.3,2.8,2,23,9,6.29,13.12,7.17,9.69),(50,23,'Female','2nd Year',7.3,6.2,2.5,5,1,1,17.27,7,6.5,10.71),(51,24,'Other','1st Year',4.1,4.3,1.9,1,85,2,10.9,11.37,7.5,9.48),(52,23,'Other','2nd Year',5.1,7.1,2.7,0,80,9,4.66,11.24,5.05,10.3),(53,20,'Female','1st Year',5.2,2,3.1,0,99,9,12.27,16.44,5.57,9.76),(54,21,'Other','1st Year',7.4,4.7,3.6,5,13,6,16.15,17.66,7.97,9.21),(55,24,'Male','1st Year',4.1,11.6,2.9,3,9,6,8.25,16.24,5.98,7.97),(56,21,'Female','4th Year',4.5,3.1,3.3,2,34,4,4.7,10.87,7.39,8.7),(57,25,'Other','2nd Year',8,7.9,1.5,2,24,4,20.67,21.42,6.54,10.87),(58,18,'Female','2nd Year',4.9,3.9,2.4,0,2,5,5.69,3.86,8.42,9.63),(59,20,'Male','2nd Year',7.3,9.3,1,4,110,3,4.75,18.87,8.81,9.26),(60,22,'Female','1st Year',5.2,1.6,1.7,1,101,1,12.31,17.6,8.53,10.73),(61,20,'Female','2nd Year',4.5,11.6,3.2,4,16,1,1.35,11.63,6.08,9.35),(62,24,'Female','2nd Year',5.2,5.4,4,4,11,7,5.48,7.8,5.78,9.1),(63,22,'Female','1st Year',7.6,2.8,1.3,5,53,1,5.75,20.09,6.9,10.04),(64,18,'Male','3rd Year',8.3,0.9,2.2,0,115,1,6.3,15.65,5.03,9.85),(65,24,'Female','1st Year',8.2,2,3.4,0,23,3,18.84,2.63,5.1,7.77),(66,19,'Female','2nd Year',6,6.2,1.6,0,28,10,17.44,16.75,7.21,8.89),(67,21,'Other','1st Year',7.3,4,2.7,5,42,4,12.26,15.74,7.08,8.89),(68,18,'Female','3rd Year',5,9.9,3.2,3,24,4,16.46,5.27,8.98,8.51),(69,21,'Other','1st Year',5.5,5.2,2.8,4,99,2,13.28,21,5.81,9.07),(70,23,'Male','2nd Year',8.5,3,1.6,5,59,1,3.34,12.71,6.03,8.65),(71,19,'Male','3rd Year',4.1,7.4,2.1,2,89,3,4.69,14.41,5.45,7.8),(72,19,'Male','4th Year',4.4,8.5,3.4,1,101,4,8.77,15.67,8.67,8.65),(73,18,'Male','2nd Year',5,2,2.7,3,64,3,3.98,16.29,8.11,7.29),(74,19,'Other','3rd Year',4.1,2,1,2,83,8,5.54,20.17,8.29,9.3),(75,22,'Female','3rd Year',4.9,0.4,3.3,4,118,10,12.99,15.7,8.61,10.41),(76,19,'Male','4th Year',6.9,8.8,1.1,0,27,1,17.78,21.14,7.1,9.9),(77,21,'Female','1st Year',6.1,8,3.2,4,15,2,11.2,6.38,6.8,8.44),(78,21,'Other','1st Year',8.5,5.7,1.6,5,46,7,6.54,14.04,6.32,7.35),(79,24,'Other','2nd Year',8.1,10.1,3.9,1,80,4,12.84,13.12,7.36,7.81),(80,21,'Other','4th Year',5.7,9.7,2.1,5,103,8,8,4.13,6.82,9.18),(81,24,'Male','1st Year',5.3,7,2,3,91,3,20.02,8.84,6.81,7.83),(82,21,'Female','4th Year',5.9,10.4,1.4,3,57,6,6.29,21.84,8.75,9.18),(83,22,'Female','1st Year',7,2.5,1.9,1,75,9,4.93,3.14,8.94,7.93),(84,25,'Female','3rd Year',5.3,1.3,3.6,2,26,1,7.16,17.26,8.19,10.4),(85,24,'Other','1st Year',7.1,3.2,4,2,117,1,1.69,19.85,8.03,8.59),(86,20,'Male','4th Year',6,0.7,2.1,3,52,8,4.64,6.64,7.72,7.98),(87,23,'Other','3rd Year',6.8,6.4,2.3,3,41,3,3.04,11.99,5.66,10.25),(88,18,'Other','3rd Year',6.2,11.2,3.2,0,58,5,2.4,13.32,5.24,8.37),(89,21,'Female','3rd Year',5.5,0.5,3.7,2,46,1,5.17,17.01,7.76,7.45),(90,19,'Other','4th Year',8.7,1.5,2.8,1,93,5,7.84,11.05,7.92,9.28),(91,25,'Female','2nd Year',7.8,5.4,2.2,2,104,6,21.88,16.51,5.19,9.33),(92,21,'Male','2nd Year',4.7,11.2,2.2,0,33,8,12.22,3.97,8.71,9.86),(93,19,'Female','2nd Year',8.3,3.8,3.1,5,36,3,10.01,17.7,5.36,7.96),(94,23,'Male','4th Year',6.4,6.1,1,3,5,3,15.62,4.31,6.14,8.78),(95,23,'Female','3rd Year',8.5,0.5,2.9,3,6,10,15.32,10.81,7.69,8.13),(96,23,'Other','2nd Year',8,1.8,2.1,0,95,9,1.82,5.43,5.68,7.32),(97,19,'Other','4th Year',6.1,11.8,3.4,1,95,4,3.27,7.74,5.22,10.51),(98,21,'Male','2nd Year',4.1,11.6,1.3,3,116,4,4.17,8.07,6.32,9.92),(99,23,'Male','1st Year',5.3,0.1,2.8,4,24,7,13.47,15.51,8.06,8.21),(100,22,'Male','2nd Year',6.7,11.4,2.4,3,32,2,21.71,17.32,6.65,9.4),(101,24,'Female','2nd Year',7.2,7.7,2.9,4,54,8,20.32,17.78,7.61,7.81),(102,19,'Female','3rd Year',5.3,10.4,1.2,0,57,6,15.44,4.86,7.32,10.56),(103,19,'Male','4th Year',4.7,5.5,2.7,0,6,3,21.67,5.59,5.09,7.46),(104,21,'Other','3rd Year',8.2,6.2,2.7,3,115,9,21.64,13.19,8.95,7.02),(105,19,'Female','3rd Year',8.9,5.9,2.7,2,56,5,2.75,19.35,5.17,9.01),(106,19,'Female','3rd Year',6.6,8,2.8,4,11,8,7.17,14.35,8.87,9.33),(107,23,'Female','3rd Year',4.9,1.7,3,1,15,7,15.51,9.61,7.2,9.32),(108,21,'Male','3rd Year',5.4,0.4,3.4,3,79,8,19.21,12.91,8.85,7.22),(109,23,'Male','2nd Year',4.1,3.7,1.8,1,42,7,11.26,6.4,5.46,8.26),(110,24,'Male','3rd Year',8.6,8.5,3.5,3,116,3,21.89,2.05,6.96,9),(111,25,'Male','3rd Year',4.6,2.4,2.5,2,99,2,2.29,18.18,5.68,7.87),(112,24,'Male','4th Year',6.9,8.1,1.2,2,76,7,13.29,12.81,5.2,10.49),(113,25,'Other','1st Year',5.4,11.6,1.2,2,6,3,13.55,13.38,7.47,7.35),(114,23,'Other','2nd Year',6.8,1.1,2,5,99,3,13.8,15.91,5.83,8.95),(115,24,'Male','2nd Year',7.3,8.1,3.4,2,110,2,20.54,18.04,7.35,9.77),(116,21,'Female','2nd Year',8.1,5.3,3.1,0,50,4,8.6,20.69,5.45,8.05),(117,18,'Male','3rd Year',5,10.4,3.4,0,72,8,6.61,4.26,6.33,9.5),(118,23,'Other','3rd Year',4.1,2.1,2.6,5,31,1,7.8,13.6,8.13,10.32),(119,25,'Other','3rd Year',4.7,8.3,2.3,4,74,1,19.09,12.06,6.75,7.76),(120,22,'Female','4th Year',8.5,10.1,1.4,1,7,5,9.84,3.66,7.51,10.67),(121,25,'Other','1st Year',8.4,11.3,2,3,96,5,10.04,6.47,7.59,9.21),(122,22,'Male','3rd Year',7,8.2,2.3,3,86,1,3.76,19.39,8.38,8.2),(123,19,'Female','1st Year',7,6,1.3,5,88,6,14.04,10.69,6.3,8.72),(124,24,'Male','4th Year',7.3,7.4,1.7,0,119,1,14.2,13.15,7.75,8.25),(125,22,'Male','2nd Year',4.9,10.4,2.8,3,71,5,9.01,6.06,8.85,9.9),(126,25,'Female','3rd Year',8.6,6.8,3.2,0,44,9,8.71,7.52,7.92,10.19),(127,19,'Male','1st Year',6.1,0.4,4,4,85,5,12.15,8.19,6.96,10.33),(128,18,'Other','1st Year',5.9,11.2,3.8,1,58,6,12.7,15.19,7.52,10.94),(129,21,'Male','3rd Year',6.6,8.3,2.9,4,3,8,11.62,5.9,7.96,10.17),(130,21,'Female','2nd Year',4.2,8.1,2.3,5,103,1,3.92,20.95,7.45,9.41),(131,21,'Female','2nd Year',4.8,2.6,2.9,2,66,2,12.32,18.81,5.07,8.36),(132,22,'Female','2nd Year',7.7,7.9,3.4,2,28,9,2.26,15.29,5.78,9.18),(133,18,'Male','4th Year',4.4,4.7,1.4,2,104,3,11.42,20.46,8.24,7.16),(134,22,'Female','1st Year',7,7.8,2.2,4,28,6,2.07,17.3,6.09,9.98),(135,24,'Female','1st Year',5.2,1.3,3.5,3,97,5,4.51,5.4,7.93,8.78),(136,22,'Male','1st Year',5.9,7.9,2.2,1,97,2,14.39,3.03,6.49,7.08),(137,18,'Other','4th Year',5.4,12,2.7,2,27,7,3.86,15.91,7.09,7.25),(138,18,'Male','1st Year',5.8,0.6,2.8,5,76,4,19.69,16.71,5.27,8.55),(139,24,'Female','4th Year',7.6,11.7,1.6,5,78,1,2.57,16.4,5.72,9.33),(140,18,'Female','2nd Year',5.5,4.9,2.1,2,86,4,8.74,16.45,8.83,8.86),(141,25,'Male','3rd Year',6.8,10.4,2,2,43,6,20.86,21.28,8.56,9.48),(142,18,'Other','1st Year',6.4,9.4,1.1,1,89,7,8.47,3.46,7.61,8.92),(143,21,'Female','1st Year',7.3,6.8,1.1,2,3,7,1.54,17.73,6.84,9.65),(144,25,'Female','2nd Year',8.7,8.9,3.5,1,89,7,20.53,13.6,7.7,7.88),(145,25,'Female','3rd Year',7.7,10.5,1.8,5,103,3,10.35,21.81,7.47,7.45),(146,24,'Male','4th Year',5.1,4.8,2.6,2,8,6,6.3,4.84,7.27,9.39),(147,20,'Female','3rd Year',4.2,3.9,1.9,4,118,8,4.98,7.38,5.24,8.94),(148,20,'Other','2nd Year',5.3,8,3.8,4,4,4,13.31,3.06,7.53,7.11),(149,18,'Female','2nd Year',7,9.7,1.8,5,55,8,17.71,6.37,8.08,8.52),(150,25,'Female','3rd Year',4.3,9.1,2.3,1,95,2,21.11,15.73,8.98,7.42),(151,20,'Other','4th Year',6.5,9.6,3.6,4,83,10,9.83,17.04,5.04,9.13),(152,20,'Female','4th Year',7,5.2,3.5,1,49,9,12.49,8.05,7.92,8.58),(153,18,'Male','1st Year',5.7,9.8,1.6,4,74,9,2.08,14.72,7.29,9.45),(154,20,'Male','4th Year',7.9,1.4,3.4,4,14,8,20.73,10.68,6.74,10.22),(155,22,'Male','3rd Year',4.5,6.5,2.4,1,31,10,7.61,21.87,5.51,8.2),(156,19,'Other','2nd Year',4.4,0.1,2.4,3,27,10,21.48,20.76,6.64,10.85),(157,24,'Female','1st Year',7.6,3.9,1.4,4,21,1,18.4,11.29,6.42,9.14),(158,19,'Male','1st Year',6.5,4.4,1.2,2,104,2,12.47,10.68,6.21,9.47),(159,18,'Other','2nd Year',7.4,4.8,3.2,5,16,6,12.45,6.97,7.92,9.72),(160,21,'Female','4th Year',6.2,8.3,2.5,3,58,10,7.6,19.36,7.8,9.67),(161,24,'Other','2nd Year',5.2,4.7,2.3,1,89,5,2.89,11.74,7.36,9.04),(162,18,'Male','4th Year',8.1,5.4,3.2,3,107,9,8.58,18.11,8.75,8.72),(163,25,'Male','2nd Year',8,2.9,3.3,0,70,5,1.98,20.14,6.4,7.22),(164,21,'Male','3rd Year',7.5,4.5,1.5,0,105,2,3.49,13.79,5.98,7.09),(165,19,'Other','4th Year',5.4,2.7,2.8,4,56,10,9.73,18.73,7.62,8.43),(166,18,'Other','3rd Year',7,0.9,1.4,4,25,4,4.49,17.56,5.8,8.33),(167,25,'Male','1st Year',5.8,7.2,3.3,2,24,9,8.51,15.65,6.26,8.55),(168,24,'Other','2nd Year',4.5,8,3,5,9,1,20.35,16.81,5.9,7.55),(169,24,'Male','1st Year',8.6,7.4,3.9,3,44,1,6.45,20.25,5.28,9.95),(170,23,'Male','1st Year',4.7,5.6,1.2,0,82,7,20.01,20.2,8.31,10.43),(171,25,'Female','1st Year',8.8,4.6,1.2,4,10,3,9.52,18.14,6.02,10.75),(172,22,'Other','1st Year',6.2,10.4,1.8,5,76,10,7.24,20.99,6.89,8.97),(173,20,'Male','2nd Year',4.9,6.2,1.8,3,52,2,20.6,9.47,5.17,9.8),(174,21,'Male','1st Year',6.7,5.8,1.7,4,71,9,17.15,16.25,7.8,10.42),(175,25,'Other','2nd Year',8.4,0.3,3.7,4,103,3,2.77,16.41,6.32,8.67),(176,23,'Female','2nd Year',7.7,4.1,1.7,0,67,2,9.06,15.36,7.98,8.24),(177,20,'Female','3rd Year',8,4.6,1.8,0,110,8,16.83,8.74,6.65,10.75),(178,20,'Male','4th Year',7.3,4.8,3.3,4,94,10,7.5,4.59,5.78,9.06),(179,18,'Other','4th Year',7.5,7,2.3,1,27,6,9.47,6.82,7.05,8.99),(180,20,'Female','2nd Year',8.2,6.4,3.3,4,74,6,11.47,7.45,5.52,7.71),(181,22,'Other','3rd Year',5.2,7.3,1.2,5,106,10,1.5,12.31,6.76,7.43),(182,24,'Other','2nd Year',6.4,9.2,2.5,4,64,7,7.65,8.12,6.27,10.37),(183,23,'Male','2nd Year',5.1,9.8,1.1,2,48,7,14.12,10.94,8.65,9.46),(184,20,'Female','2nd Year',8.9,8.6,1.2,2,46,6,5.2,17.67,5.24,8.3),(185,18,'Male','3rd Year',8.7,11.5,3.7,2,51,4,3.42,17.83,7.78,7.77),(186,22,'Female','4th Year',4.2,0.2,1.4,1,101,9,19.37,16.07,5.73,9.22),(187,19,'Female','3rd Year',7.5,2.3,2.6,1,87,6,17.79,3.78,6.28,9.34),(188,24,'Female','1st Year',8.6,0.1,2.2,4,53,4,17.46,11.05,6.66,7.83),(189,24,'Female','3rd Year',4.9,7.8,2,2,59,3,7.48,7.32,8.63,10.41),(190,23,'Female','3rd Year',6.8,10.8,3.7,1,56,4,9.34,15.07,5.97,7.34),(191,24,'Other','3rd Year',8.6,2.9,1.1,0,46,3,9,13.85,5.37,8.42),(192,20,'Male','3rd Year',4.2,11.1,3,4,30,2,2.24,19.49,6.27,9.72),(193,18,'Other','4th Year',7.5,0.7,3.9,5,104,5,5.71,18.57,5.42,8.1),(194,24,'Female','1st Year',5.5,11.2,2.7,3,45,2,19.31,5.45,5.51,10.31),(195,24,'Male','4th Year',8.6,4.2,3.8,4,113,6,14.7,10.3,7.3,9.96),(196,19,'Female','4th Year',8.9,1.2,1.2,3,25,3,12.86,15.25,5.24,10.16),(197,19,'Male','3rd Year',8.7,5.8,2.3,2,112,6,13.68,5.94,5.12,7.48),(198,21,'Other','2nd Year',6.4,3.1,1.8,3,113,10,7.94,17.07,7.86,7.56),(199,22,'Male','2nd Year',8.3,3.4,3.2,2,4,9,3.27,2.48,6.45,8.15),(200,20,'Male','4th Year',8.2,3.7,3.9,0,83,1,15.57,15.1,5.5,9.07),(201,24,'Male','4th Year',5.6,9.6,1.8,3,51,6,10.41,15.25,6.01,9.99),(202,25,'Male','3rd Year',8.1,6.5,3,4,104,9,5.42,15.76,7.57,10.35),(203,24,'Male','4th Year',4.2,3.7,1.6,2,74,4,13.26,19.56,6.1,9.82),(204,18,'Female','3rd Year',7,7.3,2.7,4,119,2,18.47,19.78,6.98,10.71),(205,21,'Male','2nd Year',5.2,8.6,2.4,1,53,4,12.03,9.04,5.49,9.95),(206,22,'Male','2nd Year',4.6,3.3,3.9,2,32,1,20.84,4.5,7.35,8.23),(207,25,'Other','1st Year',4.4,5,2.8,3,49,3,2.21,6.19,6.26,8.06),(208,21,'Male','2nd Year',7.5,1.5,2,2,37,10,20.43,19.18,7.51,9.78),(209,23,'Other','4th Year',5.7,2.2,1.3,4,26,9,12.79,11.09,8.23,7.77),(210,22,'Female','2nd Year',7.6,8.2,1.5,0,97,10,10.87,19.89,7.45,7.37),(211,24,'Male','3rd Year',4.3,2.2,1.7,2,14,5,1.31,21.09,6.18,9.13),(212,24,'Other','2nd Year',5.6,6.3,1.8,3,95,6,18.51,8.87,6.02,10.29),(213,22,'Other','1st Year',6.7,8.5,3.6,1,60,3,19.6,11.3,6.31,7.41),(214,24,'Female','2nd Year',8,1.3,2.7,5,20,5,21.82,20.36,5.66,10.17),(215,20,'Male','3rd Year',5.6,6.8,2.6,0,45,8,18.73,21.3,5.72,10.25),(216,22,'Male','3rd Year',7.1,3.1,1.3,1,68,6,17.65,2.2,8.16,8.93),(217,21,'Other','4th Year',8.4,11.6,3.6,2,5,4,8.76,21.4,6.54,7.23),(218,22,'Male','2nd Year',7.1,5.8,3.2,4,37,2,17.39,13.11,6.74,7.7),(219,25,'Other','3rd Year',5.2,9.7,1.2,4,61,9,21.57,11.91,7.38,9.83),(220,24,'Male','1st Year',4.1,6.6,3.1,3,85,1,4.64,19.65,7.36,9.85),(221,20,'Other','4th Year',8.4,0.5,2.6,4,61,1,14.32,18.62,5.27,10.59),(222,20,'Male','1st Year',4.1,7.6,1.2,0,81,4,14.57,14.96,8.33,9.33),(223,23,'Female','2nd Year',8.4,11.4,2.4,4,77,7,15.65,6.77,5.71,7.5),(224,21,'Male','2nd Year',6.6,7.2,2.5,3,73,1,1.52,11.86,7.89,7.49),(225,19,'Male','2nd Year',8.7,9.8,1.5,5,45,9,18.43,9.24,8.09,9.88),(226,19,'Female','4th Year',8,10.6,3.8,2,12,4,3.14,2.3,7.86,7.74),(227,22,'Male','3rd Year',9,2.7,3.5,2,94,3,5.69,6.64,7.32,8.31),(228,23,'Female','4th Year',5.8,2.5,3,4,93,1,20.39,13.31,5.06,8.95),(229,18,'Male','1st Year',7.8,7.3,2.4,1,2,10,1.28,13.07,6.44,7.1),(230,22,'Other','4th Year',6,4.9,2.2,2,93,4,16.3,9.62,7.42,8),(231,23,'Other','1st Year',6.4,10.1,3,5,5,9,19.93,8.69,6.55,8.63),(232,21,'Male','4th Year',7.1,10.8,2.6,4,92,10,4.58,11.99,8.45,8.12),(233,21,'Male','3rd Year',8.4,4.2,1.2,3,7,6,7.16,9.1,6.24,7.55),(234,21,'Male','1st Year',8.9,2.8,2.5,5,43,6,9.04,21.53,6.17,9.91),(235,21,'Other','2nd Year',7.8,9.4,3.4,4,108,1,18.72,13.41,6.06,10.25),(236,21,'Male','2nd Year',6.1,3.3,2.4,5,106,10,11.95,16.42,6.33,8.03),(237,23,'Other','4th Year',6.1,9.9,1.2,2,107,2,5.61,19.42,7.23,10.1),(238,23,'Female','2nd Year',7.7,5.1,3.4,3,32,6,15.62,20.01,7.83,8.54),(239,20,'Other','1st Year',5.2,8,1.6,4,80,2,15.45,9.94,7.65,9.03),(240,25,'Other','2nd Year',4.6,1.1,1.8,0,111,3,21.93,11.53,8.23,10.42),(241,19,'Female','3rd Year',5.8,7.5,1.5,3,74,4,18.34,16.93,8.54,10),(242,24,'Other','3rd Year',5.4,5.4,2,0,76,5,3.62,12.58,8.26,10.22),(243,21,'Male','4th Year',5.5,7,3.3,5,49,9,12.72,12.16,5.08,7.55),(244,18,'Male','1st Year',5.2,2,2.6,1,10,4,1.33,18.1,7.94,7.28),(245,24,'Other','3rd Year',4.2,8.8,1.6,3,94,9,13.69,8.96,5.83,10.57),(246,23,'Male','3rd Year',4.1,10.4,3.6,5,27,10,6.98,6.38,5.53,8.55),(247,18,'Other','1st Year',8.9,2.6,3.6,0,107,3,16.08,6.17,7.55,8.15),(248,18,'Male','2nd Year',6.1,1.1,3.6,2,69,8,14.36,9.95,6.28,9.9),(249,18,'Male','2nd Year',5.9,0.3,1.7,2,40,1,17.99,11.77,5.23,10.35),(250,20,'Other','4th Year',7.4,7.7,2.4,1,15,9,14.71,20.78,5.55,10.45),(251,23,'Male','2nd Year',5.1,7.3,4,3,67,9,10.51,16.24,5,8.26),(252,18,'Other','1st Year',8.7,6.6,3.3,3,98,10,1.17,20.13,8.61,10.41),(253,21,'Male','3rd Year',7.9,2.8,1.1,3,47,2,8.05,2.72,5.1,7.16),(254,22,'Male','2nd Year',4.4,4.7,1.2,5,55,4,17.82,19.3,5.84,7.2),(255,18,'Female','4th Year',6.1,7.1,2.4,1,63,8,21.06,18.96,6.67,9.49),(256,20,'Female','2nd Year',8.4,6,3.7,3,58,7,19.35,4.21,6.43,7.25),(257,24,'Other','1st Year',8.7,11.9,2.6,5,89,1,10.19,3.12,8.65,8.3),(258,23,'Female','4th Year',6.3,1.6,2.5,2,61,5,5.93,6.68,5.16,9.69),(259,25,'Other','2nd Year',7.1,8.3,1.3,0,120,7,2.25,21.89,7.05,8.35),(260,20,'Female','4th Year',4.8,4.9,3,5,75,4,21.67,21.97,7.72,7.72),(261,18,'Male','1st Year',9,5.1,3.5,2,10,1,11.02,14.44,8.73,8.13),(262,23,'Other','3rd Year',5.2,8.6,2.1,2,100,9,12.11,19.13,7.48,8.83),(263,22,'Other','1st Year',8.7,8.3,3.3,0,88,5,8.22,21.63,8.22,8.9),(264,18,'Male','1st Year',7.2,11.9,3.9,2,17,2,10.25,12.72,5.33,10.13),(265,20,'Other','1st Year',7,1.5,1.6,1,18,8,7.57,3.14,6.54,10),(266,19,'Other','1st Year',6.6,1.2,2.6,0,86,2,8.18,15.52,6.5,8.83),(267,21,'Female','3rd Year',5.2,8.7,1.9,2,54,3,19.54,8.78,8.55,10.38),(268,25,'Other','3rd Year',4.9,6.9,3.4,4,101,10,5.21,8.96,5.61,7.46),(269,24,'Male','4th Year',5.1,3.3,2.7,5,117,1,19.41,16.98,5.61,8.02),(270,20,'Female','2nd Year',4.9,1,2.9,2,81,2,7.33,8.99,6.31,10.31),(271,23,'Female','3rd Year',7.9,1,3.4,1,25,7,13.26,17.75,5.22,8.51),(272,25,'Male','3rd Year',5.8,10.7,2.2,3,5,10,11.21,19.56,5.73,10.92),(273,25,'Male','2nd Year',4.3,2.3,3.7,2,3,2,3.03,7.97,8.86,8.87),(274,25,'Female','3rd Year',8.8,3.9,2.6,3,107,6,3.31,19.73,6.71,10.17),(275,18,'Other','1st Year',8.4,2.7,1.5,4,114,3,4.83,2.06,7.53,8.61),(276,21,'Female','1st Year',8.6,4.3,3.1,2,28,4,11.29,18.33,7.9,8.7),(277,18,'Male','2nd Year',9,0.8,3.4,0,58,8,6.54,10.12,6.47,8.53),(278,23,'Female','4th Year',4.9,6.2,2,3,97,3,11.23,13.77,5.59,9.88),(279,18,'Male','4th Year',6,0.8,3.6,4,16,10,3.74,19.47,5.83,9.19),(280,19,'Female','2nd Year',7.8,9.6,3.7,0,106,6,13.54,21.44,6.25,10.78),(281,21,'Other','2nd Year',7.5,2.8,1.8,0,42,1,1.63,9.55,7.54,8),(282,21,'Female','1st Year',4.8,6.5,4,0,116,7,2.42,5.86,6.59,7.4),(283,23,'Female','4th Year',8.1,10.6,1.4,0,79,8,6.43,5.16,5.03,8.57),(284,24,'Male','3rd Year',5.1,7.8,1.6,2,65,8,16.13,12.35,7.09,9.47),(285,19,'Male','1st Year',5.1,6.4,1.6,5,33,3,19.24,6.45,8.69,10.44),(286,20,'Male','2nd Year',6.7,3.9,3.7,2,118,10,4.05,8.54,8.25,8.38),(287,18,'Female','4th Year',7,4,3,2,7,1,18.53,7.51,8.3,9.62),(288,22,'Other','3rd Year',6.9,8,1.5,4,12,9,4.06,12.15,8.18,8.4),(289,18,'Male','3rd Year',4.5,11.9,2.3,4,105,6,11.69,9.33,6.29,9.47),(290,25,'Male','1st Year',8.4,7.9,2.8,5,7,9,13.46,5.89,8.06,10.54),(291,18,'Female','4th Year',5.3,6.7,1.3,4,93,7,3.03,14.04,5.57,7.93),(292,20,'Male','4th Year',4.6,8.8,3.6,1,95,1,9.32,5.88,7.63,8.62),(293,18,'Other','2nd Year',8.4,5.6,3.4,5,99,1,9.89,10.16,7.57,10.97),(294,19,'Other','4th Year',8.8,0.7,2.5,4,110,6,10.27,18.68,5.1,10.47),(295,19,'Male','4th Year',8.3,6.7,3.9,5,93,5,14.21,21.51,8.15,9.26),(296,21,'Male','1st Year',8,11.5,2.3,2,64,9,5.5,14.74,8.61,9.07),(297,23,'Female','4th Year',7.3,2.1,4,2,42,2,16.69,11.07,6.07,8.14),(298,24,'Other','3rd Year',6.8,8.3,3,5,38,8,2.28,5.2,8.25,9.07),(299,22,'Other','1st Year',4.4,2.4,2.9,1,80,5,3.23,19.45,5.33,10.39),(300,25,'Male','1st Year',6,6.4,1.5,1,58,2,14.91,6,7.4,9.74),(301,18,'Female','2nd Year',5.9,1.2,3.6,5,83,10,6.68,4.74,6.94,8.16),(302,18,'Other','4th Year',5.3,5.4,2.3,4,87,6,9.96,18.99,7.18,7.81),(303,20,'Other','2nd Year',7.6,9.1,1.5,3,113,10,14.91,4.97,8.7,8.06),(304,23,'Female','3rd Year',6.5,4.2,1,1,85,8,1.24,2.17,8.49,7.68),(305,19,'Female','1st Year',4.4,8,2.7,0,92,4,21.47,7.46,8.14,7.38),(306,22,'Other','1st Year',5.1,9.5,2.6,2,85,2,16.69,6.3,6.09,8.68),(307,21,'Other','1st Year',7.4,11.1,3.2,5,43,5,11.08,2.11,8.65,7.45),(308,19,'Female','3rd Year',4.4,2.8,3.7,0,8,2,11.04,9.89,5.39,7.69),(309,25,'Other','3rd Year',8.3,4.8,1.2,5,36,2,9.63,15.84,8.41,9.19),(310,23,'Male','2nd Year',6.5,1.8,3.2,2,73,6,6.21,5.25,6.31,7.66),(311,25,'Male','2nd Year',6.4,11.9,1.6,2,35,10,8.91,9.71,5.22,7.26),(312,24,'Female','2nd Year',7,11.1,3.6,1,100,9,9.39,10.38,7.68,8.27),(313,21,'Female','4th Year',8.1,6.5,3.5,1,91,4,20.88,16.93,5.93,7.88),(314,24,'Female','1st Year',5.7,10.1,2.6,0,27,6,14.09,6.87,5.97,9.06),(315,20,'Male','1st Year',7.4,6.3,3.1,5,41,7,17.13,20.37,6.22,7.41),(316,25,'Other','2nd Year',6.8,7.5,1.9,2,42,6,16.43,3.51,5.25,10.01),(317,20,'Male','1st Year',5.3,1.1,2.4,0,84,8,10.36,15.48,5.71,10.62),(318,18,'Other','2nd Year',8.4,9.1,3.5,3,87,4,17.81,19.44,5.02,9.97),(319,24,'Male','4th Year',8,1.5,2.4,0,41,1,15.83,13.15,6.78,9.13),(320,23,'Other','4th Year',7.3,9.9,2.1,4,103,7,17.02,21.15,5.34,10.44),(321,25,'Male','3rd Year',8.3,9.4,2.5,0,65,3,2.08,8.31,7.73,9.78),(322,22,'Female','4th Year',8.3,8.5,3.5,4,54,6,2.16,3.95,5.94,7.04),(323,21,'Male','2nd Year',7.5,0.4,2,4,71,2,9.19,5.25,8.77,8.58),(324,19,'Other','4th Year',8.2,3.6,1.5,4,47,9,2.59,19.45,8.49,10.4),(325,23,'Male','3rd Year',7.5,3.2,3.1,3,90,1,5.5,19.47,6.16,8.38),(326,23,'Male','1st Year',7.4,4.3,3.5,0,21,6,9.61,5.73,8.13,7.14),(327,20,'Male','2nd Year',7.1,1.1,1.3,0,100,6,21.86,3.51,8.21,9.98),(328,24,'Female','1st Year',7.8,11.2,1.7,3,26,5,5.78,12.79,8.95,10.21),(329,25,'Male','3rd Year',4.8,6.6,1.4,2,120,5,7.25,12.02,7.39,7.64),(330,25,'Female','3rd Year',8.4,3.7,2,1,92,1,9.08,15.63,5.33,9.15),(331,18,'Female','3rd Year',8.4,4.8,2.4,0,66,10,6.03,4.11,7.59,7.77),(332,18,'Male','1st Year',4.1,5.4,3.2,1,107,5,11.23,9.1,7.5,9.88),(333,21,'Male','1st Year',8.1,7.2,3,5,12,2,7.21,16.23,7.55,8.09),(334,20,'Male','1st Year',4.6,6.2,2.9,5,44,7,2.36,16.02,6.23,8.26),(335,23,'Other','1st Year',5.7,11,2.1,3,9,3,14.11,4.18,8.44,10.38),(336,25,'Male','3rd Year',7.7,6,3.5,5,99,4,7.13,21.73,8.84,8.91),(337,22,'Female','3rd Year',4.8,11.9,2.4,5,8,3,12.01,15.55,5.87,9.68),(338,20,'Male','2nd Year',8.1,10.2,3.9,2,53,3,7.84,10.91,5.35,8.61),(339,21,'Other','2nd Year',8.2,2.5,2.9,2,119,4,5.98,19.04,5.78,8.19),(340,21,'Male','1st Year',6.5,11.2,1.4,2,118,5,21.05,20.16,8.28,9.5),(341,20,'Other','4th Year',4,1.4,3,5,26,1,8.42,5.69,7.71,7.62),(342,21,'Other','4th Year',5.4,9.8,2,3,33,4,17.24,4.11,7.54,8.49),(343,20,'Male','3rd Year',7.1,4.6,3.1,4,114,8,7.93,5.53,6.61,7.84),(344,19,'Female','3rd Year',8.9,10.5,1.2,4,0,10,12.17,4.02,7.31,9.78),(345,20,'Other','3rd Year',7.2,10.4,1.5,1,31,7,5.76,10.94,6.23,10.78),(346,24,'Male','2nd Year',5.3,9.7,3.6,4,88,9,19.41,5.75,6.91,10.98),(347,20,'Male','2nd Year',7.2,9.5,1.7,4,92,5,8.85,14.32,8.17,8.8),(348,21,'Female','3rd Year',6.7,3.7,3.5,2,70,10,16.15,8.67,8.92,8.01),(349,25,'Other','3rd Year',7.9,1,1.8,2,112,4,4.09,2.22,8.73,8.77),(350,24,'Other','3rd Year',4.5,4.8,2.9,5,66,8,2.5,17.49,8.74,10.39),(351,21,'Male','4th Year',7.8,2.1,3.1,1,83,9,1.08,14.2,6.61,7.82),(352,18,'Male','2nd Year',6.7,8.3,2.5,0,19,7,5.28,12.4,6.88,10.81),(353,18,'Female','4th Year',8.8,4.2,1.9,1,116,7,6.17,19.24,7.82,8.37),(354,25,'Female','4th Year',5.7,11.7,1.6,1,93,5,17.47,20.38,8.69,10.94),(355,25,'Other','3rd Year',7.2,7.7,1.1,3,34,4,14.94,5.41,5.57,10.35),(356,24,'Other','3rd Year',8.7,9.9,1.9,5,98,10,12.22,2.46,6.22,10.23),(357,19,'Male','1st Year',4.5,1.6,3,3,112,1,5.76,13.91,5.56,8.27),(358,25,'Other','1st Year',8.7,10.3,3.8,1,102,10,2.79,20.25,7.45,7.04),(359,18,'Female','4th Year',7.4,11.1,3.6,1,90,10,18.03,20.68,6.23,8.53),(360,20,'Female','2nd Year',4.3,5.8,3.3,1,89,7,2.63,4.17,6.3,8.21),(361,21,'Male','3rd Year',5.5,7.3,3.4,4,77,1,7.39,12.72,5.28,7.15),(362,18,'Female','3rd Year',7.5,9.2,3,3,16,1,9.17,15.6,6.4,9.02),(363,18,'Female','4th Year',4.3,2.1,1.8,1,17,5,17.8,12.47,8.45,8.61),(364,19,'Female','1st Year',6.9,6,3.7,2,44,9,20.83,15.63,5.93,9.54),(365,24,'Female','2nd Year',5.7,4.8,3,5,115,6,10.06,12.22,7.78,9.48),(366,24,'Male','1st Year',7.1,1.8,2.7,5,92,3,8.32,4.81,7.52,7.48),(367,23,'Male','1st Year',4.2,4.4,1.3,2,83,3,17.57,10.15,8.45,10.91),(368,19,'Other','1st Year',8.4,0.8,2.3,5,52,7,10.31,8.11,5.53,7.75),(369,20,'Female','1st Year',8.9,0.3,2.4,4,90,6,4.01,14.71,8.91,8.78),(370,24,'Other','3rd Year',8.8,1.6,3.6,4,81,9,4.46,7.23,7.33,8.95),(371,21,'Male','3rd Year',7.7,11.6,2.6,0,67,6,2.53,8.67,8.98,10.25),(372,25,'Male','1st Year',4.7,6.6,2.1,0,64,5,14.32,19.61,8.65,7.4),(373,19,'Male','2nd Year',7.8,11.6,3.9,0,113,10,15.32,10.55,5.89,8.71),(374,25,'Male','4th Year',4.1,5.2,1.3,5,0,7,6.26,16.87,5.22,9.51),(375,18,'Male','2nd Year',4.1,3.7,2.3,4,57,1,12.95,5.92,6.02,7.86),(376,21,'Male','2nd Year',5.6,6.1,1.1,4,25,7,20.16,13.48,7.11,9.51),(377,21,'Male','2nd Year',6.4,5.3,3.2,4,108,3,16.06,2.11,5.69,10.69),(378,18,'Female','1st Year',7.9,1.3,3.8,2,19,9,13.21,20.15,5.67,10.99),(379,19,'Other','3rd Year',7.4,7.7,1.8,4,115,6,15.86,6.39,6.85,7.13),(380,18,'Male','2nd Year',6.2,2.6,3.6,2,86,9,15.02,8.53,5.13,7.94),(381,25,'Female','1st Year',5.4,7.4,1.9,0,9,5,15.83,6.65,5.49,8.24),(382,23,'Female','2nd Year',9,7.8,3.7,0,58,7,21.13,15.85,6.66,8.6),(383,21,'Other','2nd Year',6.1,1.8,3.3,5,74,4,8.62,12.16,5.25,7.97),(384,22,'Male','1st Year',6.3,0.7,3.4,0,40,7,9.46,6.07,6.59,7.81),(385,22,'Other','3rd Year',4.8,9.4,1.1,5,104,1,8.28,17.35,6.9,10.82),(386,25,'Male','3rd Year',8,5.5,3.9,1,4,7,17.96,17.48,6.81,10.67),(387,20,'Female','4th Year',7.5,0.7,3.2,1,64,8,15.79,10.98,8.48,7.19),(388,24,'Female','1st Year',5.1,11.9,1.9,3,16,5,8.99,11.53,7.12,8.36),(389,18,'Female','4th Year',4.4,0.7,3.5,5,21,2,9.41,16.35,6.87,8.62),(390,18,'Female','4th Year',7.4,8.3,1.8,3,97,5,11.37,16.04,6.64,7.96),(391,20,'Other','4th Year',7.3,11.8,3.6,3,119,6,14.64,16.44,8.27,9.52),(392,20,'Male','3rd Year',5.4,2.9,1.3,1,108,2,2.83,6.57,8.58,9.56),(393,25,'Male','1st Year',8.8,1.7,3.1,5,40,6,14.86,8.96,8.41,10.4),(394,25,'Other','4th Year',4.8,1.5,2.6,1,92,6,12.43,5.35,7.69,9.96),(395,20,'Male','1st Year',6.2,3.6,1.3,3,67,1,7.76,2.49,5.55,9.17),(396,21,'Female','1st Year',8.7,1.2,1.7,5,68,1,10.6,12.52,6.11,9.61),(397,25,'Male','3rd Year',6.1,8.3,1,3,10,10,14.72,20.67,5.18,8.1),(398,23,'Female','4th Year',7.2,0.7,2.4,4,55,3,12.85,21.04,8.72,9.37),(399,25,'Other','4th Year',6,6.1,1.9,5,50,10,5.32,16.09,7.64,8.96),(400,18,'Male','1st Year',5.4,12,2.8,5,20,10,16.16,3.35,7.99,7.53),(401,25,'Other','2nd Year',8.9,9.8,1.9,3,98,3,19.01,11.54,6.25,7.97),(402,21,'Male','3rd Year',6,7.4,1.9,4,75,4,15.42,16.56,8.38,8.17),(403,20,'Female','3rd Year',8.5,3.7,3.2,2,25,2,4.16,14.02,6.04,10.7),(404,18,'Other','3rd Year',5.1,7.5,1.1,1,114,9,20.13,10.03,5.01,7.92),(405,25,'Male','3rd Year',5.1,6.3,3.7,3,18,10,1.17,8.94,6.51,8.16),(406,21,'Female','4th Year',4.2,5.1,3.6,5,108,7,10.64,18.92,7.28,8.48),(407,23,'Other','4th Year',7.3,1.6,3,1,59,7,1.32,2.46,6.91,9.65),(408,25,'Other','2nd Year',5.8,10.6,2.8,1,70,6,2.28,11.1,8.45,7.47),(409,21,'Male','3rd Year',8.3,5.4,3.7,1,46,3,12.49,19.29,5.42,10.82),(410,23,'Male','3rd Year',6.4,2.3,1.6,2,118,6,17.83,4.13,7.22,10.46),(411,20,'Male','1st Year',8.8,4.4,1.2,0,70,8,18.54,20.51,7.05,9.31),(412,25,'Female','4th Year',4.9,5,1.7,3,25,8,16.96,3.85,6.13,9.7),(413,23,'Male','3rd Year',8.3,9.9,3.4,0,39,9,7.09,2.07,8.29,7.07),(414,18,'Other','2nd Year',7.9,8.8,1.1,0,4,1,16.27,7.99,8.01,8.36),(415,20,'Other','2nd Year',7.9,9.2,2.7,0,20,1,14.83,6.59,7.93,10.18),(416,18,'Male','4th Year',8.2,0.1,4,1,77,3,12.58,15.25,8.5,7.31),(417,22,'Male','2nd Year',7.8,5,3.6,4,3,3,2.82,3.17,7.89,8.13),(418,19,'Other','2nd Year',7.1,5.8,2.6,1,22,10,18.02,11.41,5.93,9.34),(419,25,'Female','4th Year',4.7,0.2,1.2,1,105,8,21.89,7.35,7.82,8.03),(420,23,'Male','3rd Year',4.2,3.1,3.5,5,83,10,20.74,3.52,6.23,10.74),(421,19,'Male','3rd Year',8.6,9.1,2.8,5,14,1,3,2.5,5.97,7.52),(422,19,'Other','2nd Year',7.1,1.6,1.3,0,113,2,8.4,5.34,5.29,10.19),(423,23,'Male','2nd Year',8,6.4,1.3,1,115,2,16.27,15.94,7.98,9.03),(424,20,'Female','3rd Year',6.4,2.6,3.7,0,108,3,18.28,2.67,7.84,10),(425,25,'Other','4th Year',4.6,0.1,3,5,92,6,15.82,9.44,5.94,8.24),(426,22,'Male','2nd Year',4.6,2.9,3.5,4,7,1,19.59,3.39,8,9.06),(427,18,'Other','1st Year',7.4,11.7,3.6,3,40,2,2.23,8.48,8.67,10.43),(428,21,'Male','4th Year',6.2,9.6,2.7,0,111,1,5.53,15.86,5.43,8.87),(429,18,'Male','2nd Year',5,11.5,2.6,4,18,5,12.29,14.6,5.93,8.44),(430,21,'Male','2nd Year',6.5,5.9,2.3,3,111,7,3.84,10.99,8,9.14),(431,18,'Female','1st Year',4.3,1.3,2,2,102,8,16.76,6.2,6.1,9.87),(432,23,'Female','1st Year',6.9,6.6,2.3,0,45,10,6.94,15.64,7.5,8.77),(433,22,'Other','3rd Year',5.3,5.5,3.3,0,27,1,4.02,10.41,5.32,10.76),(434,25,'Male','4th Year',8,10.1,2.8,2,109,7,14.51,15.09,6.81,8.18),(435,21,'Male','4th Year',5.6,1.2,3.7,2,120,5,6.09,5.68,7.96,8.9),(436,25,'Female','3rd Year',6.3,5.9,2.3,0,90,10,15.8,12.67,7.75,10.03),(437,25,'Male','4th Year',4.1,1.8,2.8,2,67,1,15.72,20.47,8.26,9.76),(438,25,'Female','4th Year',4.4,3.9,2.9,1,14,3,19.75,18.68,8.51,10.45),(439,24,'Male','4th Year',6,8.8,2.8,3,98,7,12.76,20.78,8.09,10.99),(440,20,'Other','4th Year',6.4,5.7,3.1,3,36,10,6.68,12.01,7.69,8.71),(441,18,'Male','4th Year',7,4.5,1.7,3,0,1,2.26,19.87,5.13,7.44),(442,25,'Male','1st Year',5.5,4.7,2.5,1,66,7,9.32,19.72,7.14,7.12),(443,18,'Female','4th Year',7.5,5.5,1.3,2,110,5,3.87,3.18,5.15,9.91),(444,25,'Male','1st Year',8.3,9.4,2.2,4,23,1,4.73,4.55,8.23,10.5),(445,21,'Male','4th Year',7.9,10.7,2.5,2,26,1,18.36,12.96,6.28,7.88),(446,20,'Female','3rd Year',4.2,11.5,3,0,39,1,11.8,2.28,7.25,7.63),(447,20,'Other','2nd Year',6.4,9.4,3.9,5,62,9,19.54,22,6.12,7.25),(448,23,'Other','1st Year',4.5,3.8,2.8,3,60,3,7.67,9.72,8.13,10.29),(449,24,'Female','4th Year',5.2,8.3,3.2,2,35,5,2.05,9.67,8.55,8.25),(450,23,'Female','3rd Year',8.9,5.3,2.5,4,97,10,19.12,12.85,6.59,8.61),(451,23,'Female','2nd Year',4.7,3.1,2.9,0,92,9,6.59,14.06,8.45,9.01),(452,23,'Female','1st Year',6.5,10.1,1.2,1,23,6,8.72,12.89,6.07,10.36),(453,23,'Female','2nd Year',7.1,0.5,1.8,1,23,9,9.74,13.7,7.14,9.6),(454,23,'Other','3rd Year',7.5,10.8,2.1,4,105,8,13.81,7.39,8.44,9.46),(455,22,'Other','1st Year',6.8,5.5,2.4,0,3,8,14.54,19.29,6.3,7.7),(456,20,'Female','2nd Year',4,7.6,1.1,3,66,1,21.05,18.05,8.82,9.05),(457,23,'Male','4th Year',5.6,7.9,1.4,2,33,9,17.42,18.39,5.49,9.86),(458,25,'Female','1st Year',6.6,10.7,1.8,0,56,6,21.68,16.75,5.07,10.89),(459,20,'Male','2nd Year',4.4,7.6,3.9,1,48,9,9.79,11.49,8.62,7.81),(460,20,'Female','3rd Year',5.8,7.4,2,4,86,3,19.78,19.78,5.27,7.04),(461,19,'Female','3rd Year',4.2,0.8,2.4,4,52,3,3.67,4.64,8.97,7.3),(462,22,'Other','1st Year',4.4,6.2,1.6,2,119,6,11.01,16.05,8.81,8.5),(463,23,'Male','2nd Year',6,1.8,2.8,4,115,9,7.31,18.75,5.55,10.28),(464,18,'Male','1st Year',4.7,8.8,1.8,4,22,7,13.37,8.49,7.15,7.03),(465,21,'Other','1st Year',6.8,6.1,1.6,0,108,3,10.23,21.24,5.74,8.83),(466,24,'Other','2nd Year',7.4,8.2,2.5,3,68,3,2.2,9.6,6.71,8.32),(467,25,'Other','2nd Year',8,0.5,1,2,94,2,20.26,8.04,5.25,7.21),(468,18,'Other','4th Year',5,1,1,0,52,9,16.67,17.7,5.9,8.8),(469,22,'Male','2nd Year',4.8,8.6,1.7,3,61,3,5.62,21.16,6.45,8.02),(470,21,'Male','3rd Year',4.5,0.9,1.1,0,40,5,19.93,14.73,6.75,8.41),(471,22,'Female','1st Year',7.2,0.9,1.3,5,56,9,20.41,20.03,8.91,9.82),(472,25,'Female','1st Year',7.5,0.1,2,0,120,8,14.41,19.67,8.23,9.09),(473,20,'Other','3rd Year',4.2,11.5,3.4,4,59,2,20.06,16.91,7.95,7.5),(474,21,'Other','2nd Year',8.7,8.9,2.7,3,53,3,9.71,16.09,7.15,10.85),(475,20,'Other','3rd Year',4.3,4.2,2.5,2,69,2,17.25,11.4,8.36,9.54),(476,25,'Female','3rd Year',6.7,3.6,1.9,2,100,8,3.19,8.43,6.36,10.06),(477,18,'Female','4th Year',7.5,4.2,3.8,3,56,6,5.55,10.14,7.84,7.32),(478,25,'Female','3rd Year',8.4,9.3,2.2,4,9,6,7.31,19.03,8.98,7.19),(479,18,'Female','1st Year',7.6,7.9,1.3,1,39,9,9.04,18.56,6.26,7.08),(480,21,'Female','3rd Year',8,2.2,2.9,0,6,8,3.87,4.42,7.7,7.76),(481,21,'Female','1st Year',5.7,2.1,1.3,4,102,4,17.32,10.83,8.38,8.66),(482,23,'Female','1st Year',8.1,1.2,2,5,37,4,3.66,4.6,8.66,10.74),(483,22,'Other','1st Year',4.4,7.9,2.5,3,84,9,5.42,14.57,7.87,8.83),(484,23,'Other','2nd Year',8.5,9.2,3.6,0,60,1,6.29,9.71,6.13,8.16),(485,22,'Other','4th Year',6.7,3.2,2.5,2,83,2,10.21,11.53,6.31,9.25),(486,23,'Other','1st Year',8.1,0.3,3.1,1,2,2,16.83,15.62,5.08,7.45),(487,20,'Female','1st Year',6.3,1,4,5,50,6,13.11,12.6,8.04,9.44),(488,21,'Male','2nd Year',7.2,11.6,1.4,2,85,4,5.34,11.95,5.17,9.27),(489,18,'Female','1st Year',6.6,3.5,1.8,3,46,10,21.33,17.98,8.46,10.17),(490,22,'Male','3rd Year',7.7,9.2,2.2,0,67,3,5.58,15.7,5.47,10.95),(491,25,'Other','3rd Year',4.4,7.5,2.3,3,91,3,16.96,6.17,5.69,8),(492,22,'Female','4th Year',4.3,4.6,2.2,0,75,3,18.97,3.68,6.91,9.04),(493,18,'Other','1st Year',5.2,2.5,3.7,4,37,6,19.57,14.8,7.95,10.64),(494,23,'Female','2nd Year',4.8,1.5,3.1,1,114,8,21.43,15.86,5.56,10.14),(495,22,'Other','3rd Year',8.4,7.4,2.8,4,35,7,11,18.1,6.76,8.95),(496,24,'Male','2nd Year',5.1,9.3,1.9,4,110,4,17.42,8.43,6.93,10.78),(497,20,'Male','2nd Year',8.9,7.7,3.5,3,40,4,1.22,15.54,5.85,7.23),(498,21,'Male','3rd Year',5.7,6.4,3.9,1,68,10,9.94,2.25,5.46,10.72),(499,18,'Female','2nd Year',4.9,0.5,3.5,0,12,2,19.1,15.49,8.35,7.2),(500,21,'Male','3rd Year',7.9,11.6,1,0,86,1,7.54,14.12,7.01,9.19);
/*!40000 ALTER TABLE `student_sleep_patterns` ENABLE KEYS */;
UNLOCK TABLES;

--
-- Table structure for table `students`
--

DROP TABLE IF EXISTS `students`;
/*!40101 SET @saved_cs_client     = @@character_set_client */;
/*!50503 SET character_set_client = utf8mb4 */;
CREATE TABLE `students` (
  `Student_ID` int NOT NULL,
  `Age` int DEFAULT NULL,
  `Gender` varchar(10) DEFAULT NULL,
  `University_Year` varchar(20) DEFAULT NULL,
  PRIMARY KEY (`Student_ID`)
) ENGINE=InnoDB DEFAULT CHARSET=utf8mb4 COLLATE=utf8mb4_0900_ai_ci;
/*!40101 SET character_set_client = @saved_cs_client */;

--
-- Dumping data for table `students`
--

LOCK TABLES `students` WRITE;
/*!40000 ALTER TABLE `students` DISABLE KEYS */;
INSERT INTO `students` VALUES (1,24,'Other','2nd Year'),(2,21,'Male','1st Year'),(3,22,'Male','4th Year'),(4,24,'Other','4th Year'),(5,20,'Male','4th Year'),(6,25,'Other','1st Year'),(7,22,'Female','2nd Year'),(8,22,'Male','2nd Year'),(9,24,'Female','1st Year'),(10,19,'Other','2nd Year'),(11,20,'Female','1st Year'),(12,24,'Female','2nd Year'),(13,20,'Other','3rd Year'),(14,20,'Female','3rd Year'),(15,25,'Female','4th Year'),(16,22,'Other','3rd Year'),(17,21,'Female','3rd Year'),(18,25,'Other','3rd Year'),(19,25,'Female','1st Year'),(20,20,'Other','3rd Year'),(21,23,'Other','3rd Year'),(22,22,'Female','4th Year'),(23,19,'Female','3rd Year'),(24,25,'Female','3rd Year'),(25,21,'Male','2nd Year'),(26,23,'Male','4th Year'),(27,23,'Male','4th Year'),(28,19,'Other','4th Year'),(29,25,'Female','4th Year'),(30,21,'Other','4th Year'),(31,22,'Male','4th Year'),(32,18,'Female','1st Year'),(33,21,'Other','3rd Year'),(34,19,'Female','4th Year'),(35,23,'Other','3rd Year'),(36,22,'Female','3rd Year'),(37,21,'Male','1st Year'),(38,18,'Male','4th Year'),(39,18,'Female','2nd Year'),(40,20,'Other','1st Year'),(41,20,'Male','2nd Year'),(42,24,'Male','3rd Year'),(43,19,'Male','3rd Year'),(44,25,'Female','1st Year'),(45,21,'Female','1st Year'),(46,21,'Other','2nd Year'),(47,25,'Other','4th Year'),(48,24,'Other','2nd Year'),(49,23,'Female','1st Year'),(50,23,'Female','2nd Year'),(51,24,'Other','1st Year'),(52,23,'Other','2nd Year'),(53,20,'Female','1st Year'),(54,21,'Other','1st Year'),(55,24,'Male','1st Year'),(56,21,'Female','4th Year'),(57,25,'Other','2nd Year'),(58,18,'Female','2nd Year'),(59,20,'Male','2nd Year'),(60,22,'Female','1st Year'),(61,20,'Female','2nd Year'),(62,24,'Female','2nd Year'),(63,22,'Female','1st Year'),(64,18,'Male','3rd Year'),(65,24,'Female','1st Year'),(66,19,'Female','2nd Year'),(67,21,'Other','1st Year'),(68,18,'Female','3rd Year'),(69,21,'Other','1st Year'),(70,23,'Male','2nd Year'),(71,19,'Male','3rd Year'),(72,19,'Male','4th Year'),(73,18,'Male','2nd Year'),(74,19,'Other','3rd Year'),(75,22,'Female','3rd Year'),(76,19,'Male','4th Year'),(77,21,'Female','1st Year'),(78,21,'Other','1st Year'),(79,24,'Other','2nd Year'),(80,21,'Other','4th Year'),(81,24,'Male','1st Year'),(82,21,'Female','4th Year'),(83,22,'Female','1st Year'),(84,25,'Female','3rd Year'),(85,24,'Other','1st Year'),(86,20,'Male','4th Year'),(87,23,'Other','3rd Year'),(88,18,'Other','3rd Year'),(89,21,'Female','3rd Year'),(90,19,'Other','4th Year'),(91,25,'Female','2nd Year'),(92,21,'Male','2nd Year'),(93,19,'Female','2nd Year'),(94,23,'Male','4th Year'),(95,23,'Female','3rd Year'),(96,23,'Other','2nd Year'),(97,19,'Other','4th Year'),(98,21,'Male','2nd Year'),(99,23,'Male','1st Year'),(100,22,'Male','2nd Year'),(101,24,'Female','2nd Year'),(102,19,'Female','3rd Year'),(103,19,'Male','4th Year'),(104,21,'Other','3rd Year'),(105,19,'Female','3rd Year'),(106,19,'Female','3rd Year'),(107,23,'Female','3rd Year'),(108,21,'Male','3rd Year'),(109,23,'Male','2nd Year'),(110,24,'Male','3rd Year'),(111,25,'Male','3rd Year'),(112,24,'Male','4th Year'),(113,25,'Other','1st Year'),(114,23,'Other','2nd Year'),(115,24,'Male','2nd Year'),(116,21,'Female','2nd Year'),(117,18,'Male','3rd Year'),(118,23,'Other','3rd Year'),(119,25,'Other','3rd Year'),(120,22,'Female','4th Year'),(121,25,'Other','1st Year'),(122,22,'Male','3rd Year'),(123,19,'Female','1st Year'),(124,24,'Male','4th Year'),(125,22,'Male','2nd Year'),(126,25,'Female','3rd Year'),(127,19,'Male','1st Year'),(128,18,'Other','1st Year'),(129,21,'Male','3rd Year'),(130,21,'Female','2nd Year'),(131,21,'Female','2nd Year'),(132,22,'Female','2nd Year'),(133,18,'Male','4th Year'),(134,22,'Female','1st Year'),(135,24,'Female','1st Year'),(136,22,'Male','1st Year'),(137,18,'Other','4th Year'),(138,18,'Male','1st Year'),(139,24,'Female','4th Year'),(140,18,'Female','2nd Year'),(141,25,'Male','3rd Year'),(142,18,'Other','1st Year'),(143,21,'Female','1st Year'),(144,25,'Female','2nd Year'),(145,25,'Female','3rd Year'),(146,24,'Male','4th Year'),(147,20,'Female','3rd Year'),(148,20,'Other','2nd Year'),(149,18,'Female','2nd Year'),(150,25,'Female','3rd Year'),(151,20,'Other','4th Year'),(152,20,'Female','4th Year'),(153,18,'Male','1st Year'),(154,20,'Male','4th Year'),(155,22,'Male','3rd Year'),(156,19,'Other','2nd Year'),(157,24,'Female','1st Year'),(158,19,'Male','1st Year'),(159,18,'Other','2nd Year'),(160,21,'Female','4th Year'),(161,24,'Other','2nd Year'),(162,18,'Male','4th Year'),(163,25,'Male','2nd Year'),(164,21,'Male','3rd Year'),(165,19,'Other','4th Year'),(166,18,'Other','3rd Year'),(167,25,'Male','1st Year'),(168,24,'Other','2nd Year'),(169,24,'Male','1st Year'),(170,23,'Male','1st Year'),(171,25,'Female','1st Year'),(172,22,'Other','1st Year'),(173,20,'Male','2nd Year'),(174,21,'Male','1st Year'),(175,25,'Other','2nd Year'),(176,23,'Female','2nd Year'),(177,20,'Female','3rd Year'),(178,20,'Male','4th Year'),(179,18,'Other','4th Year'),(180,20,'Female','2nd Year'),(181,22,'Other','3rd Year'),(182,24,'Other','2nd Year'),(183,23,'Male','2nd Year'),(184,20,'Female','2nd Year'),(185,18,'Male','3rd Year'),(186,22,'Female','4th Year'),(187,19,'Female','3rd Year'),(188,24,'Female','1st Year'),(189,24,'Female','3rd Year'),(190,23,'Female','3rd Year'),(191,24,'Other','3rd Year'),(192,20,'Male','3rd Year'),(193,18,'Other','4th Year'),(194,24,'Female','1st Year'),(195,24,'Male','4th Year'),(196,19,'Female','4th Year'),(197,19,'Male','3rd Year'),(198,21,'Other','2nd Year'),(199,22,'Male','2nd Year'),(200,20,'Male','4th Year'),(201,24,'Male','4th Year'),(202,25,'Male','3rd Year'),(203,24,'Male','4th Year'),(204,18,'Female','3rd Year'),(205,21,'Male','2nd Year'),(206,22,'Male','2nd Year'),(207,25,'Other','1st Year'),(208,21,'Male','2nd Year'),(209,23,'Other','4th Year'),(210,22,'Female','2nd Year'),(211,24,'Male','3rd Year'),(212,24,'Other','2nd Year'),(213,22,'Other','1st Year'),(214,24,'Female','2nd Year'),(215,20,'Male','3rd Year'),(216,22,'Male','3rd Year'),(217,21,'Other','4th Year'),(218,22,'Male','2nd Year'),(219,25,'Other','3rd Year'),(220,24,'Male','1st Year'),(221,20,'Other','4th Year'),(222,20,'Male','1st Year'),(223,23,'Female','2nd Year'),(224,21,'Male','2nd Year'),(225,19,'Male','2nd Year'),(226,19,'Female','4th Year'),(227,22,'Male','3rd Year'),(228,23,'Female','4th Year'),(229,18,'Male','1st Year'),(230,22,'Other','4th Year'),(231,23,'Other','1st Year'),(232,21,'Male','4th Year'),(233,21,'Male','3rd Year'),(234,21,'Male','1st Year'),(235,21,'Other','2nd Year'),(236,21,'Male','2nd Year'),(237,23,'Other','4th Year'),(238,23,'Female','2nd Year'),(239,20,'Other','1st Year'),(240,25,'Other','2nd Year'),(241,19,'Female','3rd Year'),(242,24,'Other','3rd Year'),(243,21,'Male','4th Year'),(244,18,'Male','1st Year'),(245,24,'Other','3rd Year'),(246,23,'Male','3rd Year'),(247,18,'Other','1st Year'),(248,18,'Male','2nd Year'),(249,18,'Male','2nd Year'),(250,20,'Other','4th Year'),(251,23,'Male','2nd Year'),(252,18,'Other','1st Year'),(253,21,'Male','3rd Year'),(254,22,'Male','2nd Year'),(255,18,'Female','4th Year'),(256,20,'Female','2nd Year'),(257,24,'Other','1st Year'),(258,23,'Female','4th Year'),(259,25,'Other','2nd Year'),(260,20,'Female','4th Year'),(261,18,'Male','1st Year'),(262,23,'Other','3rd Year'),(263,22,'Other','1st Year'),(264,18,'Male','1st Year'),(265,20,'Other','1st Year'),(266,19,'Other','1st Year'),(267,21,'Female','3rd Year'),(268,25,'Other','3rd Year'),(269,24,'Male','4th Year'),(270,20,'Female','2nd Year'),(271,23,'Female','3rd Year'),(272,25,'Male','3rd Year'),(273,25,'Male','2nd Year'),(274,25,'Female','3rd Year'),(275,18,'Other','1st Year'),(276,21,'Female','1st Year'),(277,18,'Male','2nd Year'),(278,23,'Female','4th Year'),(279,18,'Male','4th Year'),(280,19,'Female','2nd Year'),(281,21,'Other','2nd Year'),(282,21,'Female','1st Year'),(283,23,'Female','4th Year'),(284,24,'Male','3rd Year'),(285,19,'Male','1st Year'),(286,20,'Male','2nd Year'),(287,18,'Female','4th Year'),(288,22,'Other','3rd Year'),(289,18,'Male','3rd Year'),(290,25,'Male','1st Year'),(291,18,'Female','4th Year'),(292,20,'Male','4th Year'),(293,18,'Other','2nd Year'),(294,19,'Other','4th Year'),(295,19,'Male','4th Year'),(296,21,'Male','1st Year'),(297,23,'Female','4th Year'),(298,24,'Other','3rd Year'),(299,22,'Other','1st Year'),(300,25,'Male','1st Year'),(301,18,'Female','2nd Year'),(302,18,'Other','4th Year'),(303,20,'Other','2nd Year'),(304,23,'Female','3rd Year'),(305,19,'Female','1st Year'),(306,22,'Other','1st Year'),(307,21,'Other','1st Year'),(308,19,'Female','3rd Year'),(309,25,'Other','3rd Year'),(310,23,'Male','2nd Year'),(311,25,'Male','2nd Year'),(312,24,'Female','2nd Year'),(313,21,'Female','4th Year'),(314,24,'Female','1st Year'),(315,20,'Male','1st Year'),(316,25,'Other','2nd Year'),(317,20,'Male','1st Year'),(318,18,'Other','2nd Year'),(319,24,'Male','4th Year'),(320,23,'Other','4th Year'),(321,25,'Male','3rd Year'),(322,22,'Female','4th Year'),(323,21,'Male','2nd Year'),(324,19,'Other','4th Year'),(325,23,'Male','3rd Year'),(326,23,'Male','1st Year'),(327,20,'Male','2nd Year'),(328,24,'Female','1st Year'),(329,25,'Male','3rd Year'),(330,25,'Female','3rd Year'),(331,18,'Female','3rd Year'),(332,18,'Male','1st Year'),(333,21,'Male','1st Year'),(334,20,'Male','1st Year'),(335,23,'Other','1st Year'),(336,25,'Male','3rd Year'),(337,22,'Female','3rd Year'),(338,20,'Male','2nd Year'),(339,21,'Other','2nd Year'),(340,21,'Male','1st Year'),(341,20,'Other','4th Year'),(342,21,'Other','4th Year'),(343,20,'Male','3rd Year'),(344,19,'Female','3rd Year'),(345,20,'Other','3rd Year'),(346,24,'Male','2nd Year'),(347,20,'Male','2nd Year'),(348,21,'Female','3rd Year'),(349,25,'Other','3rd Year'),(350,24,'Other','3rd Year'),(351,21,'Male','4th Year'),(352,18,'Male','2nd Year'),(353,18,'Female','4th Year'),(354,25,'Female','4th Year'),(355,25,'Other','3rd Year'),(356,24,'Other','3rd Year'),(357,19,'Male','1st Year'),(358,25,'Other','1st Year'),(359,18,'Female','4th Year'),(360,20,'Female','2nd Year'),(361,21,'Male','3rd Year'),(362,18,'Female','3rd Year'),(363,18,'Female','4th Year'),(364,19,'Female','1st Year'),(365,24,'Female','2nd Year'),(366,24,'Male','1st Year'),(367,23,'Male','1st Year'),(368,19,'Other','1st Year'),(369,20,'Female','1st Year'),(370,24,'Other','3rd Year'),(371,21,'Male','3rd Year'),(372,25,'Male','1st Year'),(373,19,'Male','2nd Year'),(374,25,'Male','4th Year'),(375,18,'Male','2nd Year'),(376,21,'Male','2nd Year'),(377,21,'Male','2nd Year'),(378,18,'Female','1st Year'),(379,19,'Other','3rd Year'),(380,18,'Male','2nd Year'),(381,25,'Female','1st Year'),(382,23,'Female','2nd Year'),(383,21,'Other','2nd Year'),(384,22,'Male','1st Year'),(385,22,'Other','3rd Year'),(386,25,'Male','3rd Year'),(387,20,'Female','4th Year'),(388,24,'Female','1st Year'),(389,18,'Female','4th Year'),(390,18,'Female','4th Year'),(391,20,'Other','4th Year'),(392,20,'Male','3rd Year'),(393,25,'Male','1st Year'),(394,25,'Other','4th Year'),(395,20,'Male','1st Year'),(396,21,'Female','1st Year'),(397,25,'Male','3rd Year'),(398,23,'Female','4th Year'),(399,25,'Other','4th Year'),(400,18,'Male','1st Year'),(401,25,'Other','2nd Year'),(402,21,'Male','3rd Year'),(403,20,'Female','3rd Year'),(404,18,'Other','3rd Year'),(405,25,'Male','3rd Year'),(406,21,'Female','4th Year'),(407,23,'Other','4th Year'),(408,25,'Other','2nd Year'),(409,21,'Male','3rd Year'),(410,23,'Male','3rd Year'),(411,20,'Male','1st Year'),(412,25,'Female','4th Year'),(413,23,'Male','3rd Year'),(414,18,'Other','2nd Year'),(415,20,'Other','2nd Year'),(416,18,'Male','4th Year'),(417,22,'Male','2nd Year'),(418,19,'Other','2nd Year'),(419,25,'Female','4th Year'),(420,23,'Male','3rd Year'),(421,19,'Male','3rd Year'),(422,19,'Other','2nd Year'),(423,23,'Male','2nd Year'),(424,20,'Female','3rd Year'),(425,25,'Other','4th Year'),(426,22,'Male','2nd Year'),(427,18,'Other','1st Year'),(428,21,'Male','4th Year'),(429,18,'Male','2nd Year'),(430,21,'Male','2nd Year'),(431,18,'Female','1st Year'),(432,23,'Female','1st Year'),(433,22,'Other','3rd Year'),(434,25,'Male','4th Year'),(435,21,'Male','4th Year'),(436,25,'Female','3rd Year'),(437,25,'Male','4th Year'),(438,25,'Female','4th Year'),(439,24,'Male','4th Year'),(440,20,'Other','4th Year'),(441,18,'Male','4th Year'),(442,25,'Male','1st Year'),(443,18,'Female','4th Year'),(444,25,'Male','1st Year'),(445,21,'Male','4th Year'),(446,20,'Female','3rd Year'),(447,20,'Other','2nd Year'),(448,23,'Other','1st Year'),(449,24,'Female','4th Year'),(450,23,'Female','3rd Year'),(451,23,'Female','2nd Year'),(452,23,'Female','1st Year'),(453,23,'Female','2nd Year'),(454,23,'Other','3rd Year'),(455,22,'Other','1st Year'),(456,20,'Female','2nd Year'),(457,23,'Male','4th Year'),(458,25,'Female','1st Year'),(459,20,'Male','2nd Year'),(460,20,'Female','3rd Year'),(461,19,'Female','3rd Year'),(462,22,'Other','1st Year'),(463,23,'Male','2nd Year'),(464,18,'Male','1st Year'),(465,21,'Other','1st Year'),(466,24,'Other','2nd Year'),(467,25,'Other','2nd Year'),(468,18,'Other','4th Year'),(469,22,'Male','2nd Year'),(470,21,'Male','3rd Year'),(471,22,'Female','1st Year'),(472,25,'Female','1st Year'),(473,20,'Other','3rd Year'),(474,21,'Other','2nd Year'),(475,20,'Other','3rd Year'),(476,25,'Female','3rd Year'),(477,18,'Female','4th Year'),(478,25,'Female','3rd Year'),(479,18,'Female','1st Year'),(480,21,'Female','3rd Year'),(481,21,'Female','1st Year'),(482,23,'Female','1st Year'),(483,22,'Other','1st Year'),(484,23,'Other','2nd Year'),(485,22,'Other','4th Year'),(486,23,'Other','1st Year'),(487,20,'Female','1st Year'),(488,21,'Male','2nd Year'),(489,18,'Female','1st Year'),(490,22,'Male','3rd Year'),(491,25,'Other','3rd Year'),(492,22,'Female','4th Year'),(493,18,'Other','1st Year'),(494,23,'Female','2nd Year'),(495,22,'Other','3rd Year'),(496,24,'Male','2nd Year'),(497,20,'Male','2nd Year'),(498,21,'Male','3rd Year'),(499,18,'Female','2nd Year'),(500,21,'Male','3rd Year');
/*!40000 ALTER TABLE `students` ENABLE KEYS */;
UNLOCK TABLES;

--
-- Temporary view structure for view `studyvsscreentime`
--

DROP TABLE IF EXISTS `studyvsscreentime`;
/*!50001 DROP VIEW IF EXISTS `studyvsscreentime`*/;
SET @saved_cs_client     = @@character_set_client;
/*!50503 SET character_set_client = utf8mb4 */;
/*!50001 CREATE VIEW `studyvsscreentime` AS SELECT 
 1 AS `screen_time_category`,
 1 AS `avg_study_hours`,
 1 AS `student_count`*/;
SET character_set_client = @saved_cs_client;

--
-- Temporary view structure for view `totalstudents`
--

DROP TABLE IF EXISTS `totalstudents`;
/*!50001 DROP VIEW IF EXISTS `totalstudents`*/;
SET @saved_cs_client     = @@character_set_client;
/*!50503 SET character_set_client = utf8mb4 */;
/*!50001 CREATE VIEW `totalstudents` AS SELECT 
 1 AS `total_students`*/;
SET character_set_client = @saved_cs_client;

--
-- Dumping routines for database 'sleeping_patterns'
--
/*!50003 DROP PROCEDURE IF EXISTS `sp_CompareLifestyleWithAverage` */;
/*!50003 SET @saved_cs_client      = @@character_set_client */ ;
/*!50003 SET @saved_cs_results     = @@character_set_results */ ;
/*!50003 SET @saved_col_connection = @@collation_connection */ ;
/*!50003 SET character_set_client  = utf8mb4 */ ;
/*!50003 SET character_set_results = utf8mb4 */ ;
/*!50003 SET collation_connection  = utf8mb4_0900_ai_ci */ ;
/*!50003 SET @saved_sql_mode       = @@sql_mode */ ;
/*!50003 SET sql_mode              = 'ONLY_FULL_GROUP_BY,STRICT_TRANS_TABLES,NO_ZERO_IN_DATE,NO_ZERO_DATE,ERROR_FOR_DIVISION_BY_ZERO,NO_ENGINE_SUBSTITUTION' */ ;
DELIMITER ;;
CREATE DEFINER=`root`@`localhost` PROCEDURE `sp_CompareLifestyleWithAverage`(
    IN student_id INT
)
BEGIN
    -- Datos del estudiante especfico
    SELECT 
        Study_Hours AS Student_Study_Hours,
        Screen_Time AS Student_Screen_Time,
        Caffeine_Intake AS Student_Caffeine_Intake,
        Physical_Activity AS Student_Physical_Activity,
        Sleep_Duration AS Student_Sleep_Duration
    FROM sleeping_patterns.student_sleep_patterns
    WHERE Student_ID = student_id;

    -- Promedios generales
    SELECT 
        AVG(Study_Hours) AS Avg_Study_Hours,
        AVG(Screen_Time) AS Avg_Screen_Time,
        AVG(Caffeine_Intake) AS Avg_Caffeine_Intake,
        AVG(Physical_Activity) AS Avg_Physical_Activity,
        AVG(Sleep_Duration) AS Avg_Sleep_Duration
    FROM sleeping_patterns.student_sleep_patterns;
END ;;
DELIMITER ;
/*!50003 SET sql_mode              = @saved_sql_mode */ ;
/*!50003 SET character_set_client  = @saved_cs_client */ ;
/*!50003 SET character_set_results = @saved_cs_results */ ;
/*!50003 SET collation_connection  = @saved_col_connection */ ;
/*!50003 DROP PROCEDURE IF EXISTS `sp_GetExtremeHabits` */;
/*!50003 SET @saved_cs_client      = @@character_set_client */ ;
/*!50003 SET @saved_cs_results     = @@character_set_results */ ;
/*!50003 SET @saved_col_connection = @@collation_connection */ ;
/*!50003 SET character_set_client  = utf8mb4 */ ;
/*!50003 SET character_set_results = utf8mb4 */ ;
/*!50003 SET collation_connection  = utf8mb4_0900_ai_ci */ ;
/*!50003 SET @saved_sql_mode       = @@sql_mode */ ;
/*!50003 SET sql_mode              = 'ONLY_FULL_GROUP_BY,STRICT_TRANS_TABLES,NO_ZERO_IN_DATE,NO_ZERO_DATE,ERROR_FOR_DIVISION_BY_ZERO,NO_ENGINE_SUBSTITUTION' */ ;
DELIMITER ;;
CREATE DEFINER=`root`@`localhost` PROCEDURE `sp_GetExtremeHabits`()
BEGIN
    SELECT 
        Student_ID,
        Age,
        Sleep_Duration,
        Study_Hours,
        Screen_Time,
        Caffeine_Intake,
        Physical_Activity
    FROM sleeping_patterns.student_sleep_patterns
    WHERE Sleep_Duration < 4
       OR Sleep_Duration > 10
       OR Screen_Time > 10
       OR Caffeine_Intake > 5
       OR Physical_Activity < 1;
END ;;
DELIMITER ;
/*!50003 SET sql_mode              = @saved_sql_mode */ ;
/*!50003 SET character_set_client  = @saved_cs_client */ ;
/*!50003 SET character_set_results = @saved_cs_results */ ;
/*!50003 SET collation_connection  = @saved_col_connection */ ;
/*!50003 DROP PROCEDURE IF EXISTS `sp_GetHealthyHabitsRanking` */;
/*!50003 SET @saved_cs_client      = @@character_set_client */ ;
/*!50003 SET @saved_cs_results     = @@character_set_results */ ;
/*!50003 SET @saved_col_connection = @@collation_connection */ ;
/*!50003 SET character_set_client  = utf8mb4 */ ;
/*!50003 SET character_set_results = utf8mb4 */ ;
/*!50003 SET collation_connection  = utf8mb4_0900_ai_ci */ ;
/*!50003 SET @saved_sql_mode       = @@sql_mode */ ;
/*!50003 SET sql_mode              = 'ONLY_FULL_GROUP_BY,STRICT_TRANS_TABLES,NO_ZERO_IN_DATE,NO_ZERO_DATE,ERROR_FOR_DIVISION_BY_ZERO,NO_ENGINE_SUBSTITUTION' */ ;
DELIMITER ;;
CREATE DEFINER=`root`@`localhost` PROCEDURE `sp_GetHealthyHabitsRanking`()
BEGIN
    SELECT 
        Student_ID,
        Sleep_Duration,
        Physical_Activity,
        Caffeine_Intake,
        (Sleep_Duration * 2 + Physical_Activity - Caffeine_Intake * 0.5) AS Health_Score
    FROM sleeping_patterns.student_sleep_patterns
    ORDER BY Health_Score DESC
    LIMIT 10;
END ;;
DELIMITER ;
/*!50003 SET sql_mode              = @saved_sql_mode */ ;
/*!50003 SET character_set_client  = @saved_cs_client */ ;
/*!50003 SET character_set_results = @saved_cs_results */ ;
/*!50003 SET collation_connection  = @saved_col_connection */ ;
/*!50003 DROP PROCEDURE IF EXISTS `sp_GetStudentStatistics` */;
/*!50003 SET @saved_cs_client      = @@character_set_client */ ;
/*!50003 SET @saved_cs_results     = @@character_set_results */ ;
/*!50003 SET @saved_col_connection = @@collation_connection */ ;
/*!50003 SET character_set_client  = utf8mb4 */ ;
/*!50003 SET character_set_results = utf8mb4 */ ;
/*!50003 SET collation_connection  = utf8mb4_0900_ai_ci */ ;
/*!50003 SET @saved_sql_mode       = @@sql_mode */ ;
/*!50003 SET sql_mode              = 'ONLY_FULL_GROUP_BY,STRICT_TRANS_TABLES,NO_ZERO_IN_DATE,NO_ZERO_DATE,ERROR_FOR_DIVISION_BY_ZERO,NO_ENGINE_SUBSTITUTION' */ ;
DELIMITER ;;
CREATE DEFINER=`root`@`localhost` PROCEDURE `sp_GetStudentStatistics`(
    IN min_age INT,
    IN max_age INT,
    IN gender_filter TEXT
)
BEGIN
    SELECT 
        AVG(Sleep_Duration) AS Avg_Sleep_Duration,
        AVG(Study_Hours) AS Avg_Study_Hours,
        AVG(Screen_Time) AS Avg_Screen_Time,
        AVG(Caffeine_Intake) AS Avg_Caffeine_Intake,
        AVG(Physical_Activity) AS Avg_Physical_Activity,
        AVG(Sleep_Quality) AS Avg_Sleep_Quality
    FROM sleeping_patterns.student_sleep_patterns
    WHERE Age BETWEEN min_age AND max_age
      AND (gender_filter = 'ALL' OR Gender = gender_filter);
END ;;
DELIMITER ;
/*!50003 SET sql_mode              = @saved_sql_mode */ ;
/*!50003 SET character_set_client  = @saved_cs_client */ ;
/*!50003 SET character_set_results = @saved_cs_results */ ;
/*!50003 SET collation_connection  = @saved_col_connection */ ;

--
-- Final view structure for view `averagesleepduration`
--

/*!50001 DROP VIEW IF EXISTS `averagesleepduration`*/;
/*!50001 SET @saved_cs_client          = @@character_set_client */;
/*!50001 SET @saved_cs_results         = @@character_set_results */;
/*!50001 SET @saved_col_connection     = @@collation_connection */;
/*!50001 SET character_set_client      = utf8mb4 */;
/*!50001 SET character_set_results     = utf8mb4 */;
/*!50001 SET collation_connection      = utf8mb4_0900_ai_ci */;
/*!50001 CREATE ALGORITHM=UNDEFINED */
/*!50013 DEFINER=`root`@`localhost` SQL SECURITY DEFINER */
/*!50001 VIEW `averagesleepduration` AS select avg(`student_sleep_patterns`.`Sleep_Duration`) AS `avg_sleep_duration` from `student_sleep_patterns` */;
/*!50001 SET character_set_client      = @saved_cs_client */;
/*!50001 SET character_set_results     = @saved_cs_results */;
/*!50001 SET collation_connection      = @saved_col_connection */;

--
-- Final view structure for view `avglifestylestats`
--

/*!50001 DROP VIEW IF EXISTS `avglifestylestats`*/;
/*!50001 SET @saved_cs_client          = @@character_set_client */;
/*!50001 SET @saved_cs_results         = @@character_set_results */;
/*!50001 SET @saved_col_connection     = @@collation_connection */;
/*!50001 SET character_set_client      = utf8mb4 */;
/*!50001 SET character_set_results     = utf8mb4 */;
/*!50001 SET collation_connection      = utf8mb4_0900_ai_ci */;
/*!50001 CREATE ALGORITHM=UNDEFINED */
/*!50013 DEFINER=`root`@`localhost` SQL SECURITY DEFINER */
/*!50001 VIEW `avglifestylestats` AS select avg(`lifestyle`.`Study_Hours`) AS `avg_study_hours`,avg(`lifestyle`.`Screen_Time`) AS `avg_screen_time`,avg(`lifestyle`.`Caffeine_Intake`) AS `avg_caffeine_intake`,avg(`lifestyle`.`Physical_Activity`) AS `avg_physical_activity` from `lifestyle` */;
/*!50001 SET character_set_client      = @saved_cs_client */;
/*!50001 SET character_set_results     = @saved_cs_results */;
/*!50001 SET collation_connection      = @saved_col_connection */;

--
-- Final view structure for view `balancedhabitsranking`
--

/*!50001 DROP VIEW IF EXISTS `balancedhabitsranking`*/;
/*!50001 SET @saved_cs_client          = @@character_set_client */;
/*!50001 SET @saved_cs_results         = @@character_set_results */;
/*!50001 SET @saved_col_connection     = @@collation_connection */;
/*!50001 SET character_set_client      = utf8mb4 */;
/*!50001 SET character_set_results     = utf8mb4 */;
/*!50001 SET collation_connection      = utf8mb4_0900_ai_ci */;
/*!50001 CREATE ALGORITHM=UNDEFINED */
/*!50013 DEFINER=`root`@`localhost` SQL SECURITY DEFINER */
/*!50001 VIEW `balancedhabitsranking` AS select `lifestyle`.`Student_ID` AS `Student_ID`,abs((`lifestyle`.`Study_Hours` - 5)) AS `study_deviation`,`lifestyle`.`Screen_Time` AS `Screen_Time`,`lifestyle`.`Caffeine_Intake` AS `Caffeine_Intake`,`lifestyle`.`Physical_Activity` AS `Physical_Activity`,(((abs((`lifestyle`.`Study_Hours` - 5)) + `lifestyle`.`Screen_Time`) + `lifestyle`.`Caffeine_Intake`) + abs((`lifestyle`.`Physical_Activity` - 5))) AS `balance_score` from `lifestyle` order by (((abs((`lifestyle`.`Study_Hours` - 5)) + `lifestyle`.`Screen_Time`) + `lifestyle`.`Caffeine_Intake`) + abs((`lifestyle`.`Physical_Activity` - 5))) */;
/*!50001 SET character_set_client      = @saved_cs_client */;
/*!50001 SET character_set_results     = @saved_cs_results */;
/*!50001 SET collation_connection      = @saved_col_connection */;

--
-- Final view structure for view `extremehabits`
--

/*!50001 DROP VIEW IF EXISTS `extremehabits`*/;
/*!50001 SET @saved_cs_client          = @@character_set_client */;
/*!50001 SET @saved_cs_results         = @@character_set_results */;
/*!50001 SET @saved_col_connection     = @@collation_connection */;
/*!50001 SET character_set_client      = utf8mb4 */;
/*!50001 SET character_set_results     = utf8mb4 */;
/*!50001 SET collation_connection      = utf8mb4_0900_ai_ci */;
/*!50001 CREATE ALGORITHM=UNDEFINED */
/*!50013 DEFINER=`root`@`localhost` SQL SECURITY DEFINER */
/*!50001 VIEW `extremehabits` AS select `lifestyle`.`Student_ID` AS `Student_ID`,(case when (`lifestyle`.`Study_Hours` > 10) then 'High Study Hours' when (`lifestyle`.`Screen_Time` > 8) then 'High Screen Time' when (`lifestyle`.`Caffeine_Intake` > 5) then 'High Caffeine Intake' when (`lifestyle`.`Physical_Activity` > 10) then 'High Physical Activity' else 'Normal' end) AS `extreme_habit` from `lifestyle` where ((`lifestyle`.`Study_Hours` > 10) or (`lifestyle`.`Screen_Time` > 8) or (`lifestyle`.`Caffeine_Intake` > 5) or (`lifestyle`.`Physical_Activity` > 10)) */;
/*!50001 SET character_set_client      = @saved_cs_client */;
/*!50001 SET character_set_results     = @saved_cs_results */;
/*!50001 SET collation_connection      = @saved_col_connection */;

--
-- Final view structure for view `minmaxsleepduration`
--

/*!50001 DROP VIEW IF EXISTS `minmaxsleepduration`*/;
/*!50001 SET @saved_cs_client          = @@character_set_client */;
/*!50001 SET @saved_cs_results         = @@character_set_results */;
/*!50001 SET @saved_col_connection     = @@collation_connection */;
/*!50001 SET character_set_client      = utf8mb4 */;
/*!50001 SET character_set_results     = utf8mb4 */;
/*!50001 SET collation_connection      = utf8mb4_0900_ai_ci */;
/*!50001 CREATE ALGORITHM=UNDEFINED */
/*!50013 DEFINER=`root`@`localhost` SQL SECURITY DEFINER */
/*!50001 VIEW `minmaxsleepduration` AS select min(`student_sleep_patterns`.`Sleep_Duration`) AS `min_sleep_duration`,max(`student_sleep_patterns`.`Sleep_Duration`) AS `max_sleep_duration` from `student_sleep_patterns` */;
/*!50001 SET character_set_client      = @saved_cs_client */;
/*!50001 SET character_set_results     = @saved_cs_results */;
/*!50001 SET collation_connection      = @saved_col_connection */;

--
-- Final view structure for view `minmaxsleepdurationwithstudents`
--

/*!50001 DROP VIEW IF EXISTS `minmaxsleepdurationwithstudents`*/;
/*!50001 SET @saved_cs_client          = @@character_set_client */;
/*!50001 SET @saved_cs_results         = @@character_set_results */;
/*!50001 SET @saved_col_connection     = @@collation_connection */;
/*!50001 SET character_set_client      = utf8mb4 */;
/*!50001 SET character_set_results     = utf8mb4 */;
/*!50001 SET collation_connection      = utf8mb4_0900_ai_ci */;
/*!50001 CREATE ALGORITHM=UNDEFINED */
/*!50013 DEFINER=`root`@`localhost` SQL SECURITY DEFINER */
/*!50001 VIEW `minmaxsleepdurationwithstudents` AS select `student_sleep_patterns`.`Student_ID` AS `min_sleep_student`,`student_sleep_patterns`.`Sleep_Duration` AS `min_sleep_duration` from `student_sleep_patterns` where (`student_sleep_patterns`.`Sleep_Duration` = (select min(`student_sleep_patterns`.`Sleep_Duration`) from `student_sleep_patterns`)) union all select `student_sleep_patterns`.`Student_ID` AS `max_sleep_student`,`student_sleep_patterns`.`Sleep_Duration` AS `max_sleep_duration` from `student_sleep_patterns` where (`student_sleep_patterns`.`Sleep_Duration` = (select max(`student_sleep_patterns`.`Sleep_Duration`) from `student_sleep_patterns`)) */;
/*!50001 SET character_set_client      = @saved_cs_client */;
/*!50001 SET character_set_results     = @saved_cs_results */;
/*!50001 SET collation_connection      = @saved_col_connection */;

--
-- Final view structure for view `physicalactivityvscaffeine`
--

/*!50001 DROP VIEW IF EXISTS `physicalactivityvscaffeine`*/;
/*!50001 SET @saved_cs_client          = @@character_set_client */;
/*!50001 SET @saved_cs_results         = @@character_set_results */;
/*!50001 SET @saved_col_connection     = @@collation_connection */;
/*!50001 SET character_set_client      = utf8mb4 */;
/*!50001 SET character_set_results     = utf8mb4 */;
/*!50001 SET collation_connection      = utf8mb4_0900_ai_ci */;
/*!50001 CREATE ALGORITHM=UNDEFINED */
/*!50013 DEFINER=`root`@`localhost` SQL SECURITY DEFINER */
/*!50001 VIEW `physicalactivityvscaffeine` AS select (case when (`lifestyle`.`Physical_Activity` = 0) then 'No activity' when (`lifestyle`.`Physical_Activity` between 1 and 3) then 'Low (1-3)' when (`lifestyle`.`Physical_Activity` between 4 and 7) then 'Moderate (4-7)' else 'High (>7)' end) AS `activity_level`,avg(`lifestyle`.`Caffeine_Intake`) AS `avg_caffeine_intake`,count(0) AS `student_count` from `lifestyle` group by `activity_level` */;
/*!50001 SET character_set_client      = @saved_cs_client */;
/*!50001 SET character_set_results     = @saved_cs_results */;
/*!50001 SET collation_connection      = @saved_col_connection */;

--
-- Final view structure for view `recommendedsleepcompliance`
--

/*!50001 DROP VIEW IF EXISTS `recommendedsleepcompliance`*/;
/*!50001 SET @saved_cs_client          = @@character_set_client */;
/*!50001 SET @saved_cs_results         = @@character_set_results */;
/*!50001 SET @saved_col_connection     = @@collation_connection */;
/*!50001 SET character_set_client      = utf8mb4 */;
/*!50001 SET character_set_results     = utf8mb4 */;
/*!50001 SET collation_connection      = utf8mb4_0900_ai_ci */;
/*!50001 CREATE ALGORITHM=UNDEFINED */
/*!50013 DEFINER=`root`@`localhost` SQL SECURITY DEFINER */
/*!50001 VIEW `recommendedsleepcompliance` AS select ((count((case when (`student_sleep_patterns`.`Sleep_Duration` between 7 and 9) then 1 end)) * 100.0) / count(0)) AS `percentage_compliant` from `student_sleep_patterns` */;
/*!50001 SET character_set_client      = @saved_cs_client */;
/*!50001 SET character_set_results     = @saved_cs_results */;
/*!50001 SET collation_connection      = @saved_col_connection */;

--
-- Final view structure for view `sleepstatsbyage`
--

/*!50001 DROP VIEW IF EXISTS `sleepstatsbyage`*/;
/*!50001 SET @saved_cs_client          = @@character_set_client */;
/*!50001 SET @saved_cs_results         = @@character_set_results */;
/*!50001 SET @saved_col_connection     = @@collation_connection */;
/*!50001 SET character_set_client      = utf8mb4 */;
/*!50001 SET character_set_results     = utf8mb4 */;
/*!50001 SET collation_connection      = utf8mb4_0900_ai_ci */;
/*!50001 CREATE ALGORITHM=UNDEFINED */
/*!50013 DEFINER=`root`@`localhost` SQL SECURITY DEFINER */
/*!50001 VIEW `sleepstatsbyage` AS select `student_sleep_patterns`.`Age` AS `Age`,avg(`student_sleep_patterns`.`Sleep_Duration`) AS `avg_sleep_duration`,min(`student_sleep_patterns`.`Sleep_Duration`) AS `min_sleep_duration`,max(`student_sleep_patterns`.`Sleep_Duration`) AS `max_sleep_duration`,count(`student_sleep_patterns`.`Student_ID`) AS `total_students` from `student_sleep_patterns` group by `student_sleep_patterns`.`Age` */;
/*!50001 SET character_set_client      = @saved_cs_client */;
/*!50001 SET character_set_results     = @saved_cs_results */;
/*!50001 SET collation_connection      = @saved_col_connection */;

--
-- Final view structure for view `studyvsscreentime`
--

/*!50001 DROP VIEW IF EXISTS `studyvsscreentime`*/;
/*!50001 SET @saved_cs_client          = @@character_set_client */;
/*!50001 SET @saved_cs_results         = @@character_set_results */;
/*!50001 SET @saved_col_connection     = @@collation_connection */;
/*!50001 SET character_set_client      = utf8mb4 */;
/*!50001 SET character_set_results     = utf8mb4 */;
/*!50001 SET collation_connection      = utf8mb4_0900_ai_ci */;
/*!50001 CREATE ALGORITHM=UNDEFINED */
/*!50013 DEFINER=`root`@`localhost` SQL SECURITY DEFINER */
/*!50001 VIEW `studyvsscreentime` AS select (case when (`lifestyle`.`Screen_Time` < 2) then 'Low (<2h)' when (`lifestyle`.`Screen_Time` between 2 and 5) then 'Moderate (2-5h)' else 'High (>5h)' end) AS `screen_time_category`,avg(`lifestyle`.`Study_Hours`) AS `avg_study_hours`,count(0) AS `student_count` from `lifestyle` group by `screen_time_category` */;
/*!50001 SET character_set_client      = @saved_cs_client */;
/*!50001 SET character_set_results     = @saved_cs_results */;
/*!50001 SET collation_connection      = @saved_col_connection */;

--
-- Final view structure for view `totalstudents`
--

/*!50001 DROP VIEW IF EXISTS `totalstudents`*/;
/*!50001 SET @saved_cs_client          = @@character_set_client */;
/*!50001 SET @saved_cs_results         = @@character_set_results */;
/*!50001 SET @saved_col_connection     = @@collation_connection */;
/*!50001 SET character_set_client      = utf8mb4 */;
/*!50001 SET character_set_results     = utf8mb4 */;
/*!50001 SET collation_connection      = utf8mb4_0900_ai_ci */;
/*!50001 CREATE ALGORITHM=UNDEFINED */
/*!50013 DEFINER=`root`@`localhost` SQL SECURITY DEFINER */
/*!50001 VIEW `totalstudents` AS select count(distinct `student_sleep_patterns`.`Student_ID`) AS `total_students` from `student_sleep_patterns` */;
/*!50001 SET character_set_client      = @saved_cs_client */;
/*!50001 SET character_set_results     = @saved_cs_results */;
/*!50001 SET collation_connection      = @saved_col_connection */;
/*!40103 SET TIME_ZONE=@OLD_TIME_ZONE */;

/*!40101 SET SQL_MODE=@OLD_SQL_MODE */;
/*!40014 SET FOREIGN_KEY_CHECKS=@OLD_FOREIGN_KEY_CHECKS */;
/*!40014 SET UNIQUE_CHECKS=@OLD_UNIQUE_CHECKS */;
/*!40101 SET CHARACTER_SET_CLIENT=@OLD_CHARACTER_SET_CLIENT */;
/*!40101 SET CHARACTER_SET_RESULTS=@OLD_CHARACTER_SET_RESULTS */;
/*!40101 SET COLLATION_CONNECTION=@OLD_COLLATION_CONNECTION */;
/*!40111 SET SQL_NOTES=@OLD_SQL_NOTES */;

-- Dump completed on 2024-12-24 18:31:09
